Experiment,Replicate,Yield_Weight_g,Avg_RH,Avg_Air_Temp,Avg_CO2,Avg_pH,Avg_EC,Avg_TDS,Avg_Water_Temp
EXP1,R1-T2,279.0,57.39781250000001,19.931125,456.084,5.938888888888889,1.8055555555555556,0.7202500000000001,25.844444444444445
EXP1,R1-T2,219.0,57.39781250000001,19.931125,456.084,5.938888888888889,1.8055555555555556,0.7202500000000001,25.844444444444445
EXP1,R1-T2,244.0,57.39781250000001,19.931125,456.084,5.938888888888889,1.8055555555555556,0.7202500000000001,25.844444444444445
EXP1,R1-T2,304.0,57.39781250000001,19.931125,456.084,5.938888888888889,1.8055555555555556,0.7202500000000001,25.844444444444445
EXP1,R1-T2,236.0,57.39781250000001,19.931125,456.084,5.938888888888889,1.8055555555555556,0.7202500000000001,25.844444444444445
EXP1,R1-T2,236.0,57.39781250000001,19.931125,456.084,5.938888888888889,1.8055555555555556,0.7202500000000001,25.844444444444445
EXP1,R1-T2,150.0,57.39781250000001,19.931125,456.084,5.938888888888889,1.8055555555555556,0.7202500000000001,25.844444444444445
EXP1,R1-T2,192.0,57.39781250000001,19.931125,456.084,5.938888888888889,1.8055555555555556,0.7202500000000001,25.844444444444445
EXP1,R1-T2,230.0,57.39781250000001,19.931125,456.084,5.938888888888889,1.8055555555555556,0.7202500000000001,25.844444444444445
EXP1,R1-T2,269.0,57.39781250000001,19.931125,456.084,5.938888888888889,1.8055555555555556,0.7202500000000001,25.844444444444445
EXP1,R1-T2,281.0,57.39781250000001,19.931125,456.084,5.938888888888889,1.8055555555555556,0.7202500000000001,25.844444444444445
EXP1,R1-T2,229.0,57.39781250000001,19.931125,456.084,5.938888888888889,1.8055555555555556,0.7202500000000001,25.844444444444445
EXP1,R2-T1,207.0,57.39781250000001,19.931125,456.084,6.15,1.8133333333333335,0.72525,25.255555555555556
EXP1,R2-T1,264.0,57.39781250000001,19.931125,456.084,6.15,1.8133333333333335,0.72525,25.255555555555556
EXP1,R2-T1,250.0,57.39781250000001,19.931125,456.084,6.15,1.8133333333333335,0.72525,25.255555555555556
EXP1,R2-T1,275.0,57.39781250000001,19.931125,456.084,6.15,1.8133333333333335,0.72525,25.255555555555556
EXP1,R2-T1,220.0,57.39781250000001,19.931125,456.084,6.15,1.8133333333333335,0.72525,25.255555555555556
EXP1,R2-T1,250.0,57.39781250000001,19.931125,456.084,6.15,1.8133333333333335,0.72525,25.255555555555556
EXP1,R2-T1,270.0,57.39781250000001,19.931125,456.084,6.15,1.8133333333333335,0.72525,25.255555555555556
EXP1,R2-T1,244.0,57.39781250000001,19.931125,456.084,6.15,1.8133333333333335,0.72525,25.255555555555556
EXP1,R2-T1,282.0,57.39781250000001,19.931125,456.084,6.15,1.8133333333333335,0.72525,25.255555555555556
EXP1,R2-T1,202.0,57.39781250000001,19.931125,456.084,6.15,1.8133333333333335,0.72525,25.255555555555556
EXP1,R2-T1,200.0,57.39781250000001,19.931125,456.084,6.15,1.8133333333333335,0.72525,25.255555555555556
EXP1,R2-T1,207.0,57.39781250000001,19.931125,456.084,6.15,1.8133333333333335,0.72525,25.255555555555556
EXP1,R2-T2,270.0,57.39781250000001,19.931125,456.084,6.277777777777778,1.7544444444444443,0.7085000000000001,25.483333333333334
EXP1,R2-T2,292.0,57.39781250000001,19.931125,456.084,6.277777777777778,1.7544444444444443,0.7085000000000001,25.483333333333334
EXP1,R2-T2,193.0,57.39781250000001,19.931125,456.084,6.277777777777778,1.7544444444444443,0.7085000000000001,25.483333333333334
EXP1,R2-T2,245.0,57.39781250000001,19.931125,456.084,6.277777777777778,1.7544444444444443,0.7085000000000001,25.483333333333334
EXP1,R2-T2,287.0,57.39781250000001,19.931125,456.084,6.277777777777778,1.7544444444444443,0.7085000000000001,25.483333333333334
EXP1,R2-T2,238.0,57.39781250000001,19.931125,456.084,6.277777777777778,1.7544444444444443,0.7085000000000001,25.483333333333334
EXP1,R2-T2,258.0,57.39781250000001,19.931125,456.084,6.277777777777778,1.7544444444444443,0.7085000000000001,25.483333333333334
EXP1,R2-T2,234.0,57.39781250000001,19.931125,456.084,6.277777777777778,1.7544444444444443,0.7085000000000001,25.483333333333334
EXP1,R2-T2,235.0,57.39781250000001,19.931125,456.084,6.277777777777778,1.7544444444444443,0.7085000000000001,25.483333333333334
EXP1,R2-T2,273.0,57.39781250000001,19.931125,456.084,6.277777777777778,1.7544444444444443,0.7085000000000001,25.483333333333334
EXP1,R2-T2,254.0,57.39781250000001,19.931125,456.084,6.277777777777778,1.7544444444444443,0.7085000000000001,25.483333333333334
EXP1,R2-T2,235.0,57.39781250000001,19.931125,456.084,6.277777777777778,1.7544444444444443,0.7085000000000001,25.483333333333334
EXP2,R2-T1,333.0,57.98994428969359,22.50352367688022,454.2849721448468,6.236000000000001,1.7756,0.8878,24.203999999999997
EXP2,R2-T1,342.0,57.98994428969359,22.50352367688022,454.2849721448468,6.236000000000001,1.7756,0.8878,24.203999999999997
EXP2,R2-T1,327.0,57.98994428969359,22.50352367688022,454.2849721448468,6.236000000000001,1.7756,0.8878,24.203999999999997
EXP2,R2-T1,324.0,57.98994428969359,22.50352367688022,454.2849721448468,6.236000000000001,1.7756,0.8878,24.203999999999997
EXP2,R2-T1,280.0,57.98994428969359,22.50352367688022,454.2849721448468,6.236000000000001,1.7756,0.8878,24.203999999999997
EXP2,R2-T1,368.0,57.98994428969359,22.50352367688022,454.2849721448468,6.236000000000001,1.7756,0.8878,24.203999999999997
EXP2,R2-T1,335.0,57.98994428969359,22.50352367688022,454.2849721448468,6.236000000000001,1.7756,0.8878,24.203999999999997
EXP2,R2-T1,290.0,57.98994428969359,22.50352367688022,454.2849721448468,6.236000000000001,1.7756,0.8878,24.203999999999997
EXP2,R2-T1,325.0,57.98994428969359,22.50352367688022,454.2849721448468,6.236000000000001,1.7756,0.8878,24.203999999999997
EXP2,R2-T1,347.0,57.98994428969359,22.50352367688022,454.2849721448468,6.236000000000001,1.7756,0.8878,24.203999999999997
EXP2,R2-T1,330.0,57.98994428969359,22.50352367688022,454.2849721448468,6.236000000000001,1.7756,0.8878,24.203999999999997
EXP2,R2-T1,335.0,57.98994428969359,22.50352367688022,454.2849721448468,6.236000000000001,1.7756,0.8878,24.203999999999997
EXP2,R2-T1,328.0,57.98994428969359,22.50352367688022,454.2849721448468,6.236000000000001,1.7756,0.8878,24.203999999999997
EXP2,R3-T1,249.0,57.98994428969359,22.50352367688022,454.2849721448468,6.2625,1.9004166666666666,0.9502083333333333,23.912499999999998
EXP2,R3-T1,309.0,57.98994428969359,22.50352367688022,454.2849721448468,6.2625,1.9004166666666666,0.9502083333333333,23.912499999999998
EXP2,R3-T1,282.0,57.98994428969359,22.50352367688022,454.2849721448468,6.2625,1.9004166666666666,0.9502083333333333,23.912499999999998
EXP2,R3-T1,320.0,57.98994428969359,22.50352367688022,454.2849721448468,6.2625,1.9004166666666666,0.9502083333333333,23.912499999999998
EXP2,R3-T1,325.0,57.98994428969359,22.50352367688022,454.2849721448468,6.2625,1.9004166666666666,0.9502083333333333,23.912499999999998
EXP2,R3-T1,311.0,57.98994428969359,22.50352367688022,454.2849721448468,6.2625,1.9004166666666666,0.9502083333333333,23.912499999999998
EXP2,R3-T1,261.0,57.98994428969359,22.50352367688022,454.2849721448468,6.2625,1.9004166666666666,0.9502083333333333,23.912499999999998
EXP2,R3-T1,249.0,57.98994428969359,22.50352367688022,454.2849721448468,6.2625,1.9004166666666666,0.9502083333333333,23.912499999999998
EXP2,R3-T1,314.0,57.98994428969359,22.50352367688022,454.2849721448468,6.2625,1.9004166666666666,0.9502083333333333,23.912499999999998
EXP2,R3-T1,227.0,57.98994428969359,22.50352367688022,454.2849721448468,6.2625,1.9004166666666666,0.9502083333333333,23.912499999999998
EXP2,R3-T1,370.0,57.98994428969359,22.50352367688022,454.2849721448468,6.2625,1.9004166666666666,0.9502083333333333,23.912499999999998
EXP2,R3-T1,287.0,57.98994428969359,22.50352367688022,454.2849721448468,6.2625,1.9004166666666666,0.9502083333333333,23.912499999999998
EXP2,R3-T1,292.0,57.98994428969359,22.50352367688022,454.2849721448468,6.2625,1.9004166666666666,0.9502083333333333,23.912499999999998
EXP2,R1-T2,372.0,57.98994428969359,22.50352367688022,454.2849721448468,6.207999999999999,3.2136,1.6068,23.84
EXP2,R1-T2,307.0,57.98994428969359,22.50352367688022,454.2849721448468,6.207999999999999,3.2136,1.6068,23.84
EXP2,R1-T2,292.0,57.98994428969359,22.50352367688022,454.2849721448468,6.207999999999999,3.2136,1.6068,23.84
EXP2,R1-T2,366.0,57.98994428969359,22.50352367688022,454.2849721448468,6.207999999999999,3.2136,1.6068,23.84
EXP2,R1-T2,348.0,57.98994428969359,22.50352367688022,454.2849721448468,6.207999999999999,3.2136,1.6068,23.84
EXP2,R1-T2,384.0,57.98994428969359,22.50352367688022,454.2849721448468,6.207999999999999,3.2136,1.6068,23.84
EXP2,R1-T2,361.0,57.98994428969359,22.50352367688022,454.2849721448468,6.207999999999999,3.2136,1.6068,23.84
EXP2,R1-T2,367.0,57.98994428969359,22.50352367688022,454.2849721448468,6.207999999999999,3.2136,1.6068,23.84
EXP2,R1-T2,305.0,57.98994428969359,22.50352367688022,454.2849721448468,6.207999999999999,3.2136,1.6068,23.84
EXP2,R1-T2,352.0,57.98994428969359,22.50352367688022,454.2849721448468,6.207999999999999,3.2136,1.6068,23.84
EXP2,R1-T2,300.0,57.98994428969359,22.50352367688022,454.2849721448468,6.207999999999999,3.2136,1.6068,23.84
EXP2,R1-T2,312.0,57.98994428969359,22.50352367688022,454.2849721448468,6.207999999999999,3.2136,1.6068,23.84
EXP2,R1-T2,338.8333333333333,57.98994428969359,22.50352367688022,454.2849721448468,6.207999999999999,3.2136,1.6068,23.84
EXP2,R2-T2,292.0,57.98994428969359,22.50352367688022,454.2849721448468,6.207999999999999,2.3368,1.1684,23.948
EXP2,R2-T2,311.0,57.98994428969359,22.50352367688022,454.2849721448468,6.207999999999999,2.3368,1.1684,23.948
EXP2,R2-T2,363.0,57.98994428969359,22.50352367688022,454.2849721448468,6.207999999999999,2.3368,1.1684,23.948
EXP2,R2-T2,394.0,57.98994428969359,22.50352367688022,454.2849721448468,6.207999999999999,2.3368,1.1684,23.948
EXP2,R2-T2,408.0,57.98994428969359,22.50352367688022,454.2849721448468,6.207999999999999,2.3368,1.1684,23.948
EXP2,R2-T2,346.0,57.98994428969359,22.50352367688022,454.2849721448468,6.207999999999999,2.3368,1.1684,23.948
EXP2,R2-T2,400.0,57.98994428969359,22.50352367688022,454.2849721448468,6.207999999999999,2.3368,1.1684,23.948
EXP2,R2-T2,375.0,57.98994428969359,22.50352367688022,454.2849721448468,6.207999999999999,2.3368,1.1684,23.948
EXP2,R2-T2,412.0,57.98994428969359,22.50352367688022,454.2849721448468,6.207999999999999,2.3368,1.1684,23.948
EXP2,R2-T2,345.0,57.98994428969359,22.50352367688022,454.2849721448468,6.207999999999999,2.3368,1.1684,23.948
EXP2,R2-T2,376.0,57.98994428969359,22.50352367688022,454.2849721448468,6.207999999999999,2.3368,1.1684,23.948
EXP2,R2-T2,374.0,57.98994428969359,22.50352367688022,454.2849721448468,6.207999999999999,2.3368,1.1684,23.948
EXP2,R2-T2,366.3333333333333,57.98994428969359,22.50352367688022,454.2849721448468,6.207999999999999,2.3368,1.1684,23.948
EXP2,R3-T2,377.0,57.98994428969359,22.50352367688022,454.2849721448468,6.219999999999999,2.1604,1.0802,24.596000000000004
EXP2,R3-T2,391.0,57.98994428969359,22.50352367688022,454.2849721448468,6.219999999999999,2.1604,1.0802,24.596000000000004
EXP2,R3-T2,368.0,57.98994428969359,22.50352367688022,454.2849721448468,6.219999999999999,2.1604,1.0802,24.596000000000004
EXP2,R3-T2,308.0,57.98994428969359,22.50352367688022,454.2849721448468,6.219999999999999,2.1604,1.0802,24.596000000000004
EXP2,R3-T2,294.0,57.98994428969359,22.50352367688022,454.2849721448468,6.219999999999999,2.1604,1.0802,24.596000000000004
EXP2,R3-T2,334.0,57.98994428969359,22.50352367688022,454.2849721448468,6.219999999999999,2.1604,1.0802,24.596000000000004
EXP2,R3-T2,353.0,57.98994428969359,22.50352367688022,454.2849721448468,6.219999999999999,2.1604,1.0802,24.596000000000004
EXP2,R3-T2,368.0,57.98994428969359,22.50352367688022,454.2849721448468,6.219999999999999,2.1604,1.0802,24.596000000000004
EXP2,R3-T2,313.0,57.98994428969359,22.50352367688022,454.2849721448468,6.219999999999999,2.1604,1.0802,24.596000000000004
EXP2,R3-T2,348.0,57.98994428969359,22.50352367688022,454.2849721448468,6.219999999999999,2.1604,1.0802,24.596000000000004
EXP2,R3-T2,321.0,57.98994428969359,22.50352367688022,454.2849721448468,6.219999999999999,2.1604,1.0802,24.596000000000004
EXP2,R3-T2,300.0,57.98994428969359,22.50352367688022,454.2849721448468,6.219999999999999,2.1604,1.0802,24.596000000000004
EXP2,R3-T2,339.5833333333333,57.98994428969359,22.50352367688022,454.2849721448468,6.219999999999999,2.1604,1.0802,24.596000000000004
EXP1,R1-T2,279.0,56.3948274507058,19.995823593962236,458.53990729033694,5.930292199344066,1.735801722542893,0.7472024456849028,25.90727110441522
EXP1,R1-T2,219.0,57.972025249331914,20.13169267847628,454.3574930582871,5.923517841309323,1.8432454693684857,0.7659658217224247,26.104258783461805
EXP1,R1-T2,244.0,57.58685594113825,20.02295879575595,462.83520373001716,5.969377695173484,1.7734286802463826,0.7137469065426233,25.26220934449157
EXP1,R1-T2,304.0,56.73262611965578,19.70379067614527,455.2161954698026,5.939292585486964,1.715345218277567,0.7459175283737757,25.687470051237007
EXP1,R1-T2,236.0,57.08122070086844,20.17005192815605,458.7876657954544,5.944245386123108,1.847215643286079,0.7033668709811809,25.583157025660167
EXP1,R1-T2,236.0,56.81284613839709,19.86497261078497,459.1767869167514,5.914478353541981,1.763705040256451,0.7431652998613666,25.716069134253825
EXP1,R1-T2,150.0,56.830712987950065,19.995018424261037,456.29155707564655,5.911788473226495,1.8063351471638205,0.7009083059338281,26.031202497584303
EXP1,R1-T2,192.0,57.1649715952357,19.94810760266977,454.1926508161719,5.911705671906425,1.7301802566037998,0.7423291213975342,25.82048465916896
EXP1,R1-T2,230.0,56.322101621704945,19.96995632314893,457.9003110317179,5.942124763951418,1.7679565178853045,0.7325486588430139,26.086163447823047
EXP1,R1-T2,269.0,57.37985362597968,19.70875476179693,453.0147480412997,5.90895786325481,1.8304240743745634,0.7091464787873194,25.7076891365056
EXP1,R1-T2,281.0,57.29133462511706,20.164578632893896,449.19765067655385,5.942258524733712,1.7321475565205753,0.727201869582162,25.973532094797367
EXP1,R1-T2,229.0,57.033632194851265,20.11749690997311,454.7120339887143,5.982749938377336,1.836080263381474,0.755907221107268,25.807975064647625
EXP1,R2-T1,207.0,57.405649863775004,19.456347496098616,465.1287937274719,6.146467243211617,1.8723314204465866,0.749472950879516,25.5001999061065
EXP1,R2-T1,264.0,55.88640520455567,20.09275636135383,465.26477515450046,6.1765317592162505,1.7504346083808353,0.7175137535078855,25.507607286632943
EXP1,R2-T1,250.0,57.51682922072355,19.902564525379884,455.56071606277123,6.164942697439131,1.795150185397569,0.7041939999189275,25.083467877397503
EXP1,R2-T1,275.0,57.82973802883125,20.212816291974498,456.2147738712714,6.163382155681653,1.8541971902199341,0.7167802569585029,25.337095271485158
EXP1,R2-T1,220.0,56.914745723278514,20.29113410038713,455.6702606440288,6.147749393676072,1.7848247804143011,0.7473091952280744,25.323611032599835
EXP1,R2-T1,250.0,56.50363095478849,19.98175139878349,469.4745882133923,6.167091538319064,1.889921914903705,0.7054970533651079,25.252846834039453
EXP1,R2-T1,270.0,57.76719484676205,19.65615444802746,455.19148072178797,6.155736254052406,1.7934133439407647,0.7349004673648589,25.22949077473033
EXP1,R2-T1,244.0,57.811015872462846,19.98083675535592,451.39208795331484,6.161751745038756,1.7143892559797769,0.7056099243856474,25.194997526156268
EXP1,R2-T1,282.0,58.469051122500304,19.884435786703648,455.34700203088585,6.110619791573936,1.8083435724701038,0.7158271743256661,25.574007661448583
EXP1,R2-T1,202.0,57.77506906514834,20.095200130229703,460.6688964720725,6.139276035006919,1.8217876853104589,0.7250832366483941,25.090857900926963
EXP1,R2-T1,200.0,56.933391858243844,19.78696225723815,465.5092576322909,6.159808378447931,1.8120145007170023,0.713264367483255,25.096743711379414
EXP1,R2-T1,207.0,56.30440741860792,20.098344380454673,454.81238732941097,6.138172771133751,1.8317336431609184,0.7098825789568349,25.25599929515312
EXP1,R2-T2,270.0,58.10061256506807,20.192247761259196,455.00323289307005,6.272246623528701,1.765467578031841,0.709742942486171,25.078276953958433
EXP1,R2-T2,292.0,57.31417688378361,19.92618597014222,459.77577068687935,6.247179677392577,1.7224813956945892,0.7331354171609825,25.47735993786839
EXP1,R2-T2,193.0,57.5573810440994,19.86861881937877,455.6387022441471,6.306197029121048,1.7248703200070594,0.6887183790163779,25.548194446221178
EXP1,R2-T2,245.0,57.383017757647735,19.775306443726496,454.9257645058117,6.262232711421714,1.7112835670794984,0.722080966242005,25.429608682057346
EXP1,R2-T2,287.0,56.939803571327374,19.757014340048038,454.4591101960238,6.253949237817629,1.7088271059810753,0.7136288534552129,25.50305636532365
EXP1,R2-T2,238.0,57.54361632191314,20.23632479264503,463.45269159322305,6.300234431237303,1.8253405410991355,0.7378024390924082,25.63486731930209
EXP1,R2-T2,258.0,57.92804309344126,20.00829397127487,452.0361049462557,6.261960405756985,1.7690153687923995,0.7328212513814225,25.560925779856625
EXP1,R2-T2,234.0,56.97768302692576,19.9351041071641,451.94696638561464,6.270369798707562,1.6522424261661421,0.7041863168599445,25.94073135335894
EXP1,R2-T2,235.0,56.995162394069915,20.21173477868927,460.4254523294338,6.308756000481938,1.8008996856576704,0.7234319209505845,25.399770721677537
EXP1,R2-T2,273.0,57.36993734038294,19.948978132285966,461.4309483391413,6.274256705940452,1.7613082611859823,0.723057103256405,25.644506970964038
EXP1,R2-T2,254.0,56.59229216245202,20.014049455352207,460.6592286744978,6.283193189026832,1.7341375208362835,0.6840163881873612,25.560816372705023
EXP1,R2-T2,235.0,57.07484158128629,19.934350854169782,456.47772979692513,6.2952768367581795,1.7551505324334924,0.7238075669935179,25.100325681764968
EXP2,R2-T1,333.0,56.952874103741294,22.59836383001231,454.7568750966979,6.235754169883058,1.7665283666282143,0.8623738680315943,23.885752791619236
EXP2,R2-T1,342.0,58.18395718425427,22.2648903056359,451.3613772778436,6.2603205738847825,1.7946887346619056,0.8846530874061037,24.135203925416096
EXP2,R2-T1,327.0,57.326405659371474,22.36377493565699,468.26486525586586,6.22539926523922,1.8872381446530666,0.9108708943169301,24.26501239895615
EXP2,R2-T1,324.0,58.05114679311345,22.56743766669945,453.02492824506106,6.235557760970296,1.7911402577690567,0.8763339895841681,24.00435586447876
EXP2,R2-T1,280.0,58.32001656076158,22.252421524797725,462.4891879683035,6.232934197824941,1.7460663316510794,0.9461504155462619,24.240560193607312
EXP2,R2-T1,368.0,58.01629966608562,22.4297650944497,451.9468537809542,6.231134932833444,1.7486785919515702,0.8755482292132497,24.135599595712726
EXP2,R2-T1,335.0,57.74429179087615,22.114370560587435,453.06539250352137,6.241990716447668,1.7282286462367014,0.8579605900588902,24.317470279141357
EXP2,R2-T1,290.0,57.30484456910445,22.570581667296715,447.2891864718116,6.217195590108395,1.657252894929902,0.8528337424089883,23.89786159722796
EXP2,R2-T1,325.0,57.54007277795455,22.729895013777302,461.77458870767805,6.212398147891349,1.8867491269175507,0.9089944849798678,23.896266588163986
EXP2,R2-T1,347.0,57.72728441455483,22.553983467736096,455.93944107448493,6.240953313896246,1.7734412622738287,0.8919979585675657,24.148300454433578
EXP2,R2-T1,330.0,58.59890509139758,22.344531829865137,446.03507532457957,6.2532689196933475,1.7817884291429094,0.9154227112889411,24.45253994837157
EXP2,R2-T1,335.0,58.01911803481149,22.362691840514923,458.1362127453858,6.247934483910208,1.8451260016803777,0.8883616510572772,24.131632902707292
EXP2,R2-T1,328.0,58.21783042277254,22.427121855137656,459.4307262085495,6.234272115875899,1.6859010422005893,0.8490975062903868,24.34677683082653
EXP2,R3-T1,249.0,57.940031085396065,22.28481198134775,453.2198994744466,6.259547886869842,1.9878424944189204,0.9431764007456754,23.520454653815644
EXP2,R3-T1,309.0,57.54860969954475,22.41453152023315,456.1254405365903,6.2440672475977115,1.9415178003940532,0.9027929324992303,23.48106749518303
EXP2,R3-T1,282.0,58.1389939181819,22.646712285726803,462.27752385182606,6.2710321119598245,1.9431579168422808,0.9635790920506282,24.140189264579206
EXP2,R3-T1,320.0,58.17630057346545,22.598456060009664,450.8372826639401,6.261839735129057,1.9634458598761233,0.9215635529468862,24.377624862026284
EXP2,R3-T1,325.0,57.48593157074565,22.623084809759792,452.1715837520937,6.277141050044396,1.8844963441506846,0.9374165341184254,24.024836915049203
EXP2,R3-T1,311.0,58.34097142867471,22.593034546176842,446.78420237306335,6.2357573876175945,1.83683122314505,0.9236293818117189,23.955155584832642
EXP2,R3-T1,261.0,58.03430174130768,22.589075752488345,461.15747152079143,6.2997661966750975,1.8287052459293645,0.9531465260488603,23.969104903011615
EXP2,R3-T1,249.0,58.722168697335434,22.56160391329395,450.41165381911975,6.248611517067566,1.8530146306976285,0.9387882997781863,23.915096051617027
EXP2,R3-T1,314.0,57.63753472523467,22.597733221728475,457.3242215546443,6.2587741912458625,1.8450507374905052,0.9197155919613718,24.082822251629626
EXP2,R3-T1,227.0,58.15599782225045,22.365267145397162,460.68071626569736,6.265615845779675,1.9280243408587017,0.9506502100575991,23.902217220985932
EXP2,R3-T1,370.0,58.101168671765166,22.687250719478033,445.06820675788856,6.253224387520284,1.9566772583771925,0.9594192066630898,24.05045053688305
EXP2,R3-T1,287.0,57.85391382853302,22.534845359592683,449.6626669550988,6.256555357656641,1.8974268139041335,0.955372620019105,24.025391966646268
EXP2,R3-T1,292.0,57.44798284659881,22.345070275152505,460.5193914720144,6.267004963634646,1.954816899119075,0.9724007505165448,23.70858662776018
EXP2,R1-T2,372.0,57.54539579538781,22.193935789198605,457.2238209055071,6.210411321747736,3.2364988021637897,1.595365842959187,23.524290222399436
EXP2,R1-T2,307.0,58.2060696779561,22.48617493513963,457.8649220859338,6.189022348844577,3.2230512506922264,1.615984513527051,23.66670698045879
EXP2,R1-T2,292.0,57.30367201778697,22.48560439640689,458.670110328792,6.186846956990086,3.2871404483706423,1.5949567331604777,23.67847461023756
EXP2,R1-T2,366.0,57.34094022447371,22.421673474335556,454.3152209246065,6.216505213760468,3.3059031469084217,1.598479205820556,23.70329761674267
EXP2,R1-T2,348.0,57.76714025259599,22.765825005214303,458.4255781404189,6.199989501056791,3.219970437657454,1.5883010444512,23.594479461335812
EXP2,R1-T2,384.0,57.6310097584055,22.38298975105082,453.5985731476227,6.211628023447661,3.211738205786717,1.606260195014664,23.403328446395147
EXP2,R1-T2,361.0,57.55264864258846,22.41850014312871,461.8358990514317,6.1918444151882595,3.129340476170825,1.5757495441448037,23.833920244319835
EXP2,R1-T2,367.0,58.15675896867795,22.39167752752824,453.1822451469465,6.191375739799217,3.137846612767949,1.637039349071838,23.75387847187344
EXP2,R1-T2,305.0,58.322305934122056,22.57434379286161,455.076226090247,6.197724423400624,3.122672611046655,1.6365149484119614,23.904390489621445
EXP2,R1-T2,352.0,57.54438197285742,22.421141434341063,468.9759802559821,6.195737018496818,3.146944351258876,1.626842726903446,23.9557531792305
EXP2,R1-T2,300.0,57.84511161198524,22.60441629110929,450.5510543853746,6.185177952262068,3.1932298092518225,1.562988920239756,23.81133390330478
EXP2,R1-T2,312.0,58.67528289715444,22.712168570425625,449.4311032080015,6.213711461699689,3.0852615932354004,1.6265322297537703,23.940293962721206
EXP2,R1-T2,338.8333333333333,58.05912187643169,22.54658686897151,448.8751782073644,6.233788001337162,3.2385251684814804,1.6520535930523805,23.804327973152304
EXP2,R2-T2,292.0,57.30416295695749,22.272290480576856,455.37789177111154,6.2517466531707395,2.3704036147319743,1.1567997034551651,23.862811556796842
EXP2,R2-T2,311.0,58.17006213764263,22.465044994183195,450.2127918428971,6.193721894519172,2.3937290475117794,1.1995326503079138,23.954978055844247
EXP2,R2-T2,363.0,57.60559583998714,22.662755219094585,452.06998732012846,6.1660296354483455,2.329953459581029,1.203079585249794,23.98181754788282
EXP2,R2-T2,394.0,58.16172867931367,22.60648370743713,456.57417158081927,6.219624671593351,2.3119238204398957,1.151010604104829,23.652022994162213
EXP2,R2-T2,408.0,58.31111301558525,22.611101752044974,450.1089772618257,6.170467526306393,2.314782771952484,1.2197947770078699,24.14555898719587
EXP2,R2-T2,346.0,58.377277834395855,22.79945759667336,453.94582865815295,6.207859428270595,2.31799840454446,1.153554911198515,24.238060588861327
EXP2,R2-T2,400.0,57.92183549071316,22.454808254112354,441.8039038149924,6.180285724243946,2.306586723501479,1.1531263218469459,23.791651900274744
EXP2,R2-T2,375.0,57.73760110049892,22.776191930166007,457.7789582363304,6.213838055642257,2.372566335930065,1.1681498178889496,23.7054868238492
EXP2,R2-T2,412.0,57.87980796509932,22.679765267397713,452.1906859033019,6.197725139349195,2.3152782555095723,1.147492621052358,23.928814515761776
EXP2,R2-T2,345.0,58.43090007011769,22.65904309199961,452.04480037520426,6.217735001893903,2.357414920069672,1.1663923317096547,24.05108977760689
EXP2,R2-T2,376.0,58.299900287776524,22.740443536932545,454.16700934016797,6.22155365472559,2.384307418532083,1.159658999627313,23.938444883570913
EXP2,R2-T2,374.0,56.94744158925617,21.997618427198724,449.00130085911843,6.228927882351988,2.2731766883361857,1.1851705198958467,23.67122804196104
EXP2,R2-T2,366.3333333333333,58.32916159960369,22.55302675465634,459.7958235433583,6.1968033658913235,2.2909499283543426,1.1801887524794938,24.360418263849393
EXP2,R3-T2,377.0,58.42521219918136,22.410656485388017,455.2952294964783,6.22256773114856,2.1434659164166905,1.125285152280254,24.543348549994516
EXP2,R3-T2,391.0,58.72251620285543,22.705274846694575,448.40770792931,6.2194674096851434,2.0791274754485216,1.0712308555609054,24.408416840828135
EXP2,R3-T2,368.0,57.795421111544314,22.29762342228605,444.8090378184022,6.231339043978592,2.074626483787797,1.1044108219270867,24.355624133173066
EXP2,R3-T2,308.0,58.503224489380855,22.458620893111714,452.07286314578505,6.200842464802486,2.1925982939664457,1.0620485566352158,24.50450976486248
EXP2,R3-T2,294.0,57.97040180877393,22.648612870201006,455.6164251951881,6.194050030277483,2.165685490141869,1.0629069917606315,24.48943541079141
EXP2,R3-T2,334.0,58.40434797124079,22.225672112205153,454.8211840200516,6.21353636512005,2.138655623155306,1.0697226363008356,24.435621768231936
EXP2,R3-T2,353.0,57.83838368980092,22.76046299111392,458.5163276432638,6.213974345018218,2.1431528635913826,1.0911214898051875,24.706558432902774
EXP2,R3-T2,368.0,58.43710327304557,22.73409980044941,458.2503976559625,6.218584358064386,2.1130562348236066,1.093020389174134,24.463101174520144
EXP2,R3-T2,313.0,58.183150383835454,22.554519017139683,456.57298027880614,6.200453427712008,2.1975134753836993,1.0662600571792156,24.4988293200238
EXP2,R3-T2,348.0,57.97744693879186,22.67067793314481,450.8787748018993,6.214738447630237,2.0958960072745794,1.0857726456457366,24.09231661214682
EXP2,R3-T2,321.0,58.40797416050468,22.173240833248276,453.4716695449028,6.210174230031313,2.1579521837889617,1.0558698980442116,24.490322310022833
EXP2,R3-T2,300.0,57.79619090597722,22.140970466262207,457.3115414298608,6.224035876644325,2.1281844956614604,1.1054546962724237,24.832997516779265
EXP2,R3-T2,339.5833333333333,57.899370216144,22.266528871235693,448.31377987594675,6.232401695796281,2.189491796611607,1.0939126516042794,24.649557914387916
EXP1,R1-T2,279.0,56.3523885283586,19.64780931817222,454.6553116000263,5.941831021065042,1.8064209939654996,0.7417753634095106,25.926501611772128
EXP1,R1-T2,219.0,56.79507553596671,20.46087691899485,458.82513804607964,5.949299008761272,1.8237690755142635,0.7067848348876496,25.48844070229187
EXP1,R1-T2,244.0,57.13574039836657,19.75282851344595,442.70657922020024,5.886583785483988,1.7881257657294019,0.7200287653998406,25.769285120112375
EXP1,R1-T2,304.0,57.86118311389279,20.06382937926341,460.53206246743986,5.964340967880521,1.8202155917533946,0.718084644656655,25.72837311426042
EXP1,R1-T2,236.0,57.61191462875045,19.842625493789356,458.3936021462676,5.96881511606489,1.7989280352978352,0.7080472298246464,25.808739240129604
EXP1,R1-T2,236.0,56.697343625048426,19.90309620522869,456.67391131062,5.923434755445066,1.7888643771485189,0.7174802582248243,26.07190784850177
EXP1,R1-T2,150.0,57.57486765696568,19.997807349617865,459.58740085268784,5.926058945997746,1.788582741517496,0.735510906978125,25.655131492247406
EXP1,R1-T2,192.0,57.41340573240726,19.657238967361753,467.1959723913813,5.934658515687526,1.8024003186336377,0.7508055457540664,25.942555883086573
EXP1,R1-T2,230.0,57.12577809880691,20.33721971049756,452.4364562157575,5.954887394230036,1.7297606300904462,0.6925954981828343,25.954002120481228
EXP1,R1-T2,269.0,57.35012093576676,20.02190689364439,452.33538908715855,5.927818783041457,1.8014069683561882,0.6891592534148853,26.008704465446364
EXP1,R1-T2,281.0,57.5152347229067,19.591119581749123,449.89634734232055,5.911662281972207,1.782118023799616,0.727512044987474,25.6655286776358
EXP1,R1-T2,229.0,57.472162262879806,20.019080380439874,452.0657787796774,5.951620074554503,1.8426984061255698,0.7284860050928914,25.892379782220143
EXP1,R2-T1,207.0,56.78468497445846,19.94405506760416,462.9590085657821,6.168833316188276,1.7430260940425784,0.7447147530172191,25.174599001870988
EXP1,R2-T1,264.0,57.633155777420846,19.69317649083456,455.02853078225513,6.171807532486958,1.773490607524938,0.7459508670776912,25.112202020186718
EXP1,R2-T1,250.0,57.73022269486863,19.933834531156208,462.8619165227555,6.086544374166139,1.7345011073538368,0.7405794631259972,25.170221123000747
EXP1,R2-T1,275.0,58.03770042153379,19.846344098016136,455.9140623540426,6.142720410116957,1.8231832394860785,0.7262689770739285,25.30907264374807
EXP1,R2-T1,220.0,58.01723245567736,19.88465259642114,457.46810555954687,6.139425026750215,1.7694554784589485,0.7173531940672399,25.296509975769737
EXP1,R2-T1,250.0,57.701473664183716,19.79201638480396,449.1038301423462,6.126288306500606,1.8281508957601125,0.7522724357891686,25.564180744817378
EXP1,R2-T1,270.0,57.392541239773436,20.121469476612596,454.1651099009803,6.159457067954547,1.873694536525845,0.7148647521481813,25.204828105753744
EXP1,R2-T1,244.0,57.11248743308071,19.79575791581452,450.26463704527316,6.169629255489218,1.9286994645322353,0.7260600838769474,25.017043182929065
EXP1,R2-T1,282.0,57.34094345261892,19.877673858949688,458.2598535954552,6.175318846253516,1.841279805036014,0.7420924995784666,25.006534948276425
EXP1,R2-T1,202.0,58.05698165545557,19.88072493778476,458.6244271147889,6.141980705920078,1.7757453025980983,0.7269798822698907,24.90867129335213
EXP1,R2-T1,200.0,57.43208750399181,19.835003948439844,457.41272198006783,6.167528681859622,1.8186058179423097,0.7448113292097723,25.338860787440897
EXP1,R2-T1,207.0,57.311183553935045,20.05406752904186,459.14528472944414,6.143052889965903,1.8449707819870986,0.760329833197408,25.469691527138288
EXP1,R2-T2,270.0,57.5056021580518,20.179044662664108,452.28394844112165,6.292331004688028,1.7035968131836678,0.7015788263269567,25.43629388027162
EXP1,R2-T2,292.0,57.7829900772565,19.986244937025194,460.99545483499685,6.312962079051006,1.7580031314754314,0.6973816931054485,25.367042183329435
EXP1,R2-T2,193.0,57.641168753335684,19.681638851299645,448.6868253607105,6.30344204394887,1.6204652869221494,0.6962980154111928,25.506229301102135
EXP1,R2-T2,245.0,56.64172080074916,19.956710421703,453.30200882711495,6.28085477857403,1.7819630599138463,0.7347153861930876,25.268830018454214
EXP1,R2-T2,287.0,56.808821195069456,19.521443763154398,456.20749347797465,6.254404037616457,1.8069194008646263,0.7486984576113405,25.755984496907896
EXP1,R2-T2,238.0,57.37254444796223,20.20170780293436,445.8365291332049,6.266827204457632,1.7972633892693768,0.691691100308528,25.298998102231792
EXP1,R2-T2,258.0,58.05000187717579,20.15007077244725,455.08541131857396,6.2724920699644695,1.7358481609909293,0.6908812143695718,25.44411770564424
EXP1,R2-T2,234.0,57.28917228793713,19.816811592433794,456.9080445457621,6.271828502401116,1.698051081964574,0.6915086318208536,25.63242404310372
EXP1,R2-T2,235.0,57.235699156212505,20.218139443553827,453.02713639409666,6.302245043904577,1.6929786407144214,0.7403348625023531,25.825275034798903
EXP1,R2-T2,273.0,57.956023781537546,20.168486018037097,444.98425015481666,6.279044237968872,1.789226402712936,0.713499582260246,25.595711799633577
EXP1,R2-T2,254.0,56.95181205441487,20.208304421013306,455.4378026847701,6.307966641135895,1.714792644850255,0.7158828494304603,25.662886800291727
EXP1,R2-T2,235.0,58.411310318861254,19.914977878461173,457.6225439896509,6.289008472857609,1.7148762306308567,0.7006517199988614,25.43127074710303
EXP2,R2-T1,333.0,57.47225466801945,22.695948727930286,457.81614651193155,6.237635404635368,1.7048228614409335,0.8544033940739041,24.40663831555222
EXP2,R2-T1,342.0,57.58953011819435,22.879472219405873,448.27040763543863,6.249070351164872,1.7543237951495245,0.8843237786248949,24.048616949525247
EXP2,R2-T1,327.0,57.359788882062254,22.69906763374793,454.8057698631315,6.2394096517377315,1.7327518008637015,0.9331865032077437,24.131960491606694
EXP2,R2-T1,324.0,57.66548888199472,22.43170920545819,450.9988661794598,6.243618320307284,1.7279666753793455,0.8510692763601132,24.165007174406675
EXP2,R2-T1,280.0,58.344795951012486,22.433310020321787,459.27066205408283,6.208430278694073,1.7700382579794975,0.8671896883446806,24.05246371931764
EXP2,R2-T1,368.0,57.7642522065987,22.26105184628245,451.3768935117807,6.201993818556288,1.854511974883676,0.898013218862303,23.851615853149614
EXP2,R2-T1,335.0,57.04148522984104,22.771046185524387,448.0647472213206,6.231208701722233,1.7735416185053159,0.8637308846811251,24.15756756904955
EXP2,R2-T1,290.0,57.75104838486653,22.49666144353805,454.93799026208137,6.233883830136633,1.8413319585579302,0.8845298127832566,24.1533670895894
EXP2,R2-T1,325.0,58.21363636592502,22.716526839338922,445.96785943601515,6.266395629572551,1.8274004073327834,0.8910081844611122,24.38170521836262
EXP2,R2-T1,347.0,57.67672892809982,22.08801428917489,454.9637435446783,6.253698555530585,1.717653223653429,0.8737001433019351,24.44576568724157
EXP2,R2-T1,330.0,58.50315099507187,22.616069571872636,448.12746914772055,6.224956286693669,1.7266673109873516,0.8949397796029002,24.24434291329406
EXP2,R2-T1,335.0,58.73103883809417,22.637528526073115,459.95236437339975,6.236168544978445,1.807407762042649,0.8709331346460532,24.00716815762761
EXP2,R2-T1,328.0,57.36167891869589,22.274353944921913,453.4163123471354,6.224096613033239,1.7260444910907549,0.8726850605498503,24.334617351467248
EXP2,R3-T1,249.0,58.003200760010664,22.635044909280108,450.48090804540476,6.266841326086646,1.9386382085485057,0.9584379934000171,23.82610401843495
EXP2,R3-T1,309.0,57.703182162816134,22.571442897345182,455.58027694652753,6.275235314556147,1.9985140091915812,0.9557439674131691,23.904343956442776
EXP2,R3-T1,282.0,57.19619443518137,22.441803275438055,454.7866484694498,6.286312444666892,1.9806542026193712,0.9469275711001363,23.758030294384763
EXP2,R3-T1,320.0,58.07731604141826,22.66456305694585,443.8240729443357,6.239749777011671,1.8561007207103217,0.9600502623628606,23.987936971191598
EXP2,R3-T1,325.0,59.53016151041275,22.540503178332045,460.0137138017071,6.248554381381359,1.855369098597973,0.9233350070375952,23.887487353301356
EXP2,R3-T1,311.0,58.495197942932705,22.43492084000256,455.2547870676906,6.209242396042788,1.902499278470396,0.9354060175508772,23.739408598325248
EXP2,R3-T1,261.0,57.76992231840966,22.733464328823842,457.2114949155492,6.248430758739212,1.908388155500768,0.9601581118415383,23.699239710057707
EXP2,R3-T1,249.0,58.8133552153679,22.62041520845286,459.133633382239,6.293696755543089,1.877574532456269,0.9434484678271453,24.338577318016643
EXP2,R3-T1,314.0,57.827307689839984,22.857239049907236,458.1124270356117,6.255142801131003,1.8742092826190564,0.9887956772284832,24.050829209702226
EXP2,R3-T1,227.0,57.66264361744429,22.483935284070217,450.8393220596812,6.257225644808764,1.8887065467607052,0.9302624087040603,24.074033821391975
EXP2,R3-T1,370.0,57.59832633266621,22.743992538877777,455.95181172737887,6.275147094227871,1.8490127454085807,0.9925712658273632,24.078019943275823
EXP2,R3-T1,287.0,58.32678408546864,22.45456278170846,449.3172496867369,6.266375122141936,1.7685039281217276,0.960125075894394,24.044615138707083
EXP2,R3-T1,292.0,57.82978346886373,22.778107318395143,450.33254829963244,6.322731925271897,1.8259736123094834,0.961381325933558,23.54495545004973
EXP2,R1-T2,372.0,58.164375733872326,22.19879591345209,454.4328786251637,6.1967645989582945,3.3121188557727743,1.5978076462049386,23.580747197944977
EXP2,R1-T2,307.0,58.17867711253841,21.92072078447695,448.26832571418976,6.199798343419967,3.1863536634414724,1.59523263025122,24.015843757390694
EXP2,R1-T2,292.0,57.2699632655611,22.174010787541114,447.91816572915263,6.211476910331602,3.2468679891899987,1.612776153252975,23.916132708722905
EXP2,R1-T2,366.0,57.57620215641235,22.201443945268505,456.7316787891599,6.209301049853801,3.1757280722259225,1.6160712920265219,24.06842331992953
EXP2,R1-T2,348.0,58.652086507476824,22.589832560045302,448.5392680135816,6.205425361164147,3.1734081228554105,1.6000022005326011,24.089095010879653
EXP2,R1-T2,384.0,57.938443376178384,22.179063523935053,455.48264493058645,6.211766962273708,3.207472405039758,1.5899219599443306,23.605677900135014
EXP2,R1-T2,361.0,58.12848266012391,22.378457158881258,453.5714970918241,6.2154652413377125,3.149273663170845,1.594885498612232,23.760424171212975
EXP2,R1-T2,367.0,57.833987703818,23.10320410315527,459.30392719497394,6.1871055742545735,3.2108351529627126,1.634845063213776,23.759322781132113
EXP2,R1-T2,305.0,57.891612026552984,22.201464566226797,452.4145868727376,6.20896347209679,3.260325790010241,1.6297387594210981,23.79991927331163
EXP2,R1-T2,352.0,57.51679211354877,22.285844495736015,453.6986671791544,6.203077904564938,3.156903824913635,1.5975630952477118,23.816203680350583
EXP2,R1-T2,300.0,58.123649593386,22.293341257669915,457.2043026881994,6.2015670774475495,3.209541406167611,1.5810875843233632,23.395068554095786
EXP2,R1-T2,312.0,58.09947189472226,22.628781644601492,451.9153625558081,6.263209276595412,3.1597484759606096,1.59761371458607,23.408210190750285
EXP2,R1-T2,338.8333333333333,57.151786226634684,22.534808928246942,453.5761202873374,6.222252623964749,3.152857665190588,1.6053792185443323,23.787954794347204
EXP2,R2-T2,292.0,58.25154609155456,22.272721323904953,456.0242103946194,6.2216911469443,2.381106488255682,1.1356018277017665,23.963846644012655
EXP2,R2-T2,311.0,57.69967758349408,22.677266800276918,446.39516548108,6.221483185028963,2.3135771209501694,1.164672145296621,24.188176499862255
EXP2,R2-T2,363.0,57.39575655143281,22.289144391681244,460.03395159676563,6.208354497815731,2.354308587389427,1.1449415472524287,23.800622384231293
EXP2,R2-T2,394.0,57.93738819996539,22.731785595394673,449.7102117249799,6.2484385716246775,2.3068083875376,1.1506323389115576,23.98142844046718
EXP2,R2-T2,408.0,57.04458181656999,22.42404577198386,449.1224894633935,6.214972222035163,2.319148493044049,1.1521013021006996,24.121231928935472
EXP2,R2-T2,346.0,58.36069990150289,22.623480854538368,455.9297237790413,6.210624099040285,2.3834729009554665,1.189464517597827,24.089863166021274
EXP2,R2-T2,400.0,57.651237915175756,22.80360711032353,453.6070154800066,6.219450332745642,2.301593620079195,1.1736251772124242,24.034890632870596
EXP2,R2-T2,375.0,57.79994680251982,22.759502624706236,445.40373273725976,6.209210669885754,2.253048054297019,1.1932299906642179,23.536864776199245
EXP2,R2-T2,412.0,57.32296050427212,22.608762680669507,454.74739592700934,6.187327733741309,2.3383165608491048,1.1785049130174203,23.683635161451985
EXP2,R2-T2,345.0,58.101274678872215,22.21875902447092,436.18342793678653,6.1959957790858535,2.342701476927947,1.150818700736468,23.89658680795998
EXP2,R2-T2,376.0,57.76615877503824,22.468123140625014,454.61761259792445,6.22554214607619,2.3905790176671218,1.1833439409534596,23.710710425854373
EXP2,R2-T2,374.0,57.844003356889075,22.622768887289787,452.7271353791799,6.221872221525977,2.3391772518175036,1.1871856658043354,24.029866669994167
EXP2,R2-T2,366.3333333333333,57.907108091547194,22.676527457384932,448.9200154870511,6.221420697650725,2.3756429350854757,1.196507664911491,23.83503069276631
EXP2,R3-T2,377.0,57.147640237254144,22.684058534534568,456.8303152674672,6.224025405065556,2.153093700985512,1.0590432359276116,24.814423743610526
EXP2,R3-T2,391.0,57.736066110969006,22.588099717202507,446.68043123059374,6.208134789908627,2.088017768842599,1.0420823320303296,24.79033706306164
EXP2,R3-T2,368.0,57.70299374929525,22.347044986961222,453.0586270669592,6.250599150963736,2.056970170866954,1.1063129966042973,24.46682028314678
EXP2,R3-T2,308.0,58.2173768003701,22.447732895205785,461.028695832342,6.225093531387136,2.064844580892997,1.0919684256699405,24.21796871425048
EXP2,R3-T2,294.0,57.97213510978589,22.455030529926606,454.03350792078794,6.224418770028071,2.124910880007203,1.1089169054533956,24.45668694389004
EXP2,R3-T2,334.0,56.32095256923293,22.55521407427923,445.64918077402086,6.226382714657797,2.205203315562258,1.1178356597453392,24.53549871823196
EXP2,R3-T2,353.0,58.15745017503859,22.781200286181154,453.13913162054183,6.200204314896526,2.104330008655542,1.0974534360473647,24.705965389896964
EXP2,R3-T2,368.0,57.198142508916746,22.423744807806166,449.6846930301093,6.225267467554092,2.2078552815223342,1.081315987448939,24.400223356838488
EXP2,R3-T2,313.0,58.2476755141543,22.627520140381918,448.4374819098345,6.211804838396122,2.0361549744403007,1.083106917180738,24.54431010967364
EXP2,R3-T2,348.0,58.96900027436682,22.237482564080526,451.5092603162395,6.221395660677398,2.114709572152357,1.0712252825827322,24.586517858982994
EXP2,R3-T2,321.0,57.82096258549231,22.726800761595758,452.6426402890555,6.23960898602989,2.105418944158803,1.1030798795102885,24.723784040042812
EXP2,R3-T2,300.0,58.775410031663085,22.244834551753467,454.9568522403451,6.215308941456878,2.123772189613933,1.1161791368282663,24.52324665066403
EXP2,R3-T2,339.5833333333333,58.880995860683036,22.72447420127865,455.0921593456175,6.229091808294644,2.2319746570395758,1.0920195064905058,24.218654148328877
EXP1,R1-T2,279.0,57.472068547138264,19.842426218014367,456.2286778453905,5.92510997915642,1.809982555843641,0.6968608894477487,26.062248970207314
EXP1,R1-T2,219.0,57.49489872849139,19.815224135842232,461.52876887678013,5.911556329634187,1.8175702814283774,0.7232346359138228,25.52207900495527
EXP1,R1-T2,244.0,57.50869363521614,19.86761532501712,453.6522196346433,5.954575513848625,1.8150131512759518,0.7118935549305134,26.004187930861633
EXP1,R1-T2,304.0,57.73523561833966,19.67542735091784,454.2888558295407,5.92127234228983,1.744852535618202,0.7342626287004602,26.18141049586852
EXP1,R1-T2,236.0,58.244737848830944,20.16919006630333,467.33694082925376,5.933106512776735,1.8222107290618865,0.7063231897235248,25.74287680764941
EXP1,R1-T2,236.0,57.29601214192871,20.262300401355777,451.52519622217955,5.931571197654247,1.8149079594546116,0.7232676840261947,25.704318038765948
EXP1,R1-T2,150.0,57.43179607033074,19.879234678465362,450.0387873720622,5.93265442174696,1.727659462536887,0.7530079959212088,25.806353678145882
EXP1,R1-T2,192.0,57.177219155335415,19.701506242162335,452.892159587114,5.972216215457235,1.8403851276538052,0.7073187997454023,25.783654061127795
EXP1,R1-T2,230.0,57.857860545535615,19.780947594593265,449.710881968751,5.938998357391284,1.795044493882444,0.7364605115593127,25.98786526784351
EXP1,R1-T2,269.0,57.52339018503242,19.86821827755859,457.3717151156664,5.949595833370892,1.779288213404991,0.7222873792806782,25.594076456399872
EXP1,R1-T2,281.0,57.097929868142806,19.970665908324246,459.1377880957872,5.937599219868458,1.7548166181208655,0.7191485692182135,26.06078433660092
EXP1,R1-T2,229.0,57.46869101878105,20.088740359374917,454.36792716374396,5.9536514739789475,1.8755698783218042,0.6848206439693317,25.76148819499708
EXP1,R2-T1,207.0,57.770065554106175,20.23627899506376,453.6195912746286,6.1394445859224716,1.8498739759931762,0.7177817345311334,24.928637084100476
EXP1,R2-T1,264.0,57.72204847406221,19.613634442619244,453.7417555712851,6.146524868871502,1.8198588308370118,0.732800273884027,25.27707010880247
EXP1,R2-T1,250.0,57.678992277213965,19.82738902674582,462.5331632957884,6.152938558601349,1.8140232296932037,0.7053972583285117,25.177853609416726
EXP1,R2-T1,275.0,57.23978567904821,19.772345314946154,464.7499845370326,6.117244128349812,1.8685262411015302,0.705969019417933,25.09601185901516
EXP1,R2-T1,220.0,57.232354367694946,20.040023698498487,461.03364725454514,6.1419560541491585,1.7798813499538633,0.7302393593246604,25.187383082509495
EXP1,R2-T1,250.0,57.19344076542783,19.89033369663745,456.83498219993174,6.1797626952490985,1.8051320588600206,0.7020519544967876,25.295908159388752
EXP1,R2-T1,270.0,57.55730717803458,20.046801593946217,460.44902205085185,6.173726768338032,1.7642753514053477,0.7271382457032202,25.40170760119246
EXP1,R2-T1,244.0,55.801140845921324,19.83116601172654,463.3622825308781,6.150673703713205,1.723328610462992,0.6746160889457667,25.316559330153552
EXP1,R2-T1,282.0,57.75818417206707,19.572692008517997,456.1086708014444,6.152941529570161,1.7627064742615683,0.7384161760897375,25.150608976623456
EXP1,R2-T1,202.0,57.63418181213264,19.807936697756354,460.9877647126251,6.147645378993777,1.7934316280698914,0.7323194310647371,25.080881943854973
EXP1,R2-T1,200.0,57.484161136357365,19.833628196396475,450.1089339688359,6.158539673952973,1.7673596838739116,0.7121915960749163,24.85518152070435
EXP1,R2-T1,207.0,57.34527840758662,19.891984002236605,457.02692657739806,6.126875185481957,1.8506075360416043,0.6761675865519399,25.37224938212684
EXP1,R2-T2,270.0,57.84467832726839,20.05976485370274,458.6410756741379,6.275842808724707,1.7824094986683419,0.7072962520642255,25.20632862706629
EXP1,R2-T2,292.0,57.187781478805206,20.15581345742743,447.54442504690337,6.297084832128595,1.734957227889689,0.7466268974480129,25.819355577439836
EXP1,R2-T2,193.0,58.44090045568545,20.17880309761732,458.77552675038845,6.298076139474504,1.684399620659609,0.6883587191135159,25.624737808828137
EXP1,R2-T2,245.0,57.7861659621469,20.093891821402877,460.20443981352724,6.257019500105569,1.6875372317619737,0.7275143931993626,25.34999681963892
EXP1,R2-T2,287.0,57.92068930510293,19.854292335495234,449.23695098286754,6.2926805502531,1.7566156010272498,0.7323098364452949,25.17510983653742
EXP1,R2-T2,238.0,57.64800953820455,19.60141329617142,451.356217874352,6.287913985478345,1.8649521348801907,0.7011045914436536,25.266014665535202
EXP1,R2-T2,258.0,57.69195564349901,19.951527313541842,460.0663729433596,6.2975921376236785,1.7090006350091158,0.7189920294480603,25.429430535288606
EXP1,R2-T2,234.0,57.07658788580599,20.255197451260052,458.47815080031074,6.283761949242105,1.7802737208379493,0.6886028843417273,25.63758250860223
EXP1,R2-T2,235.0,57.53452332602213,19.673690964338853,461.2278864729255,6.280703066648929,1.779764489109529,0.729129342344557,25.243951641527495
EXP1,R2-T2,273.0,56.70659498879659,20.071188830157897,464.9829418682816,6.270785195695602,1.6832497480334818,0.7123215236465377,25.613253879735822
EXP1,R2-T2,254.0,57.45684141581869,19.84407392590522,448.5543202929187,6.278872350179316,1.8213995740358824,0.7237362651159043,25.807251938913055
EXP1,R2-T2,235.0,57.486735297528035,19.770432984079907,469.30145614137575,6.260959446040468,1.6941060252337428,0.6973570538488266,25.571002852667856
EXP2,R2-T1,333.0,58.08936293670826,22.58426862821181,451.30653486738424,6.220492205349675,1.8337814266872152,0.8848724691135319,24.19418626214317
EXP2,R2-T1,342.0,57.720108903510024,22.36101221067165,447.1616181392307,6.2326589910167005,1.7085025900383064,0.9016508468865619,24.27540586560914
EXP2,R2-T1,327.0,58.13735879665219,22.48599871681,464.84649341337536,6.248322333865409,1.7607621324415703,0.9130914826764001,24.258523053244918
EXP2,R2-T1,324.0,58.16666005718817,22.631117429161378,457.20550319654336,6.2230335977963565,1.7736638594702576,0.8636881971671638,23.927120718567146
EXP2,R2-T1,280.0,58.79517742302998,22.520045310427847,451.71148048050037,6.273951256900635,1.7862212384188634,0.8743067177173666,24.138710043000852
EXP2,R2-T1,368.0,58.2713938482738,22.31849107918986,459.4735237123711,6.20796050281107,1.7249930441509718,0.8877769896103591,24.278180479382293
EXP2,R2-T1,335.0,58.82606195086726,22.781687292693913,458.24402567706284,6.193350657900456,1.8176484564207933,0.8841559107965757,24.040919788661782
EXP2,R2-T1,290.0,58.16810818977506,22.34411804912641,452.08719200600495,6.209015380005487,1.8172484195357181,0.8639057994681102,24.091008634160854
EXP2,R2-T1,325.0,58.374130106122294,22.752841489606926,450.48907472630367,6.241110036319303,1.76021530819269,0.8977196030249281,24.23860193884213
EXP2,R2-T1,347.0,58.66630756231742,22.84859003575092,458.49134408927347,6.223383729972145,1.7647811091558205,0.8951882899683896,24.23713921683419
EXP2,R2-T1,330.0,58.049993527830374,22.402859381749746,453.019689736657,6.231943221159093,1.7521823168750925,0.8721105478640059,24.261041190843883
EXP2,R2-T1,335.0,58.05188810086491,22.855154034050265,451.2235279911286,6.25385573054058,1.7726282571699588,0.908372349286041,23.89091408026075
EXP2,R2-T1,328.0,57.51864359068868,22.395571928614174,454.1131483093595,6.245893292713013,1.7286154107253286,0.8508261928009966,23.779710363581415
EXP2,R3-T1,249.0,58.334782107508644,23.087226427388984,449.5815319405223,6.2545737536897805,1.8624443423440151,0.9388343172156266,23.872299209664938
EXP2,R3-T1,309.0,57.8222841690985,22.22986203851574,455.54604100473415,6.225075676519342,1.9317255458689628,0.9434805565492944,23.78066957552794
EXP2,R3-T1,282.0,58.1949126823493,22.537041569780623,461.1023139622668,6.240119990252233,1.8789261508675075,0.938676833937301,23.722125048506026
EXP2,R3-T1,320.0,57.98339239427423,22.206223952151724,461.18206443619056,6.245999515216549,1.7739629444736265,0.9593051339545531,24.25152810856097
EXP2,R3-T1,325.0,57.494743641396305,22.49266355052324,456.339783526424,6.269960283081341,1.934890870664079,0.9207374989939774,23.691028009377664
EXP2,R3-T1,311.0,58.32524226028249,22.12962157345243,456.5503817634536,6.26852369063878,1.8619450028461315,0.9334214528099675,23.539676138208613
EXP2,R3-T1,261.0,58.62574464432891,22.81052636294889,454.8881916843556,6.25956880037367,1.8835013386445718,0.9294857947611705,24.25272208268059
EXP2,R3-T1,249.0,57.81060938682351,22.316725745941458,458.0475749077547,6.256756532916493,1.883686835686211,0.9846595756968665,23.956053641860418
EXP2,R3-T1,314.0,58.36486339953603,22.46270822712241,455.5192364735198,6.2554795281088875,1.9609135900450267,0.9125857523056166,23.750337313587117
EXP2,R3-T1,227.0,57.250576847930844,22.707452696255633,454.6477712639899,6.246609315476238,1.9225453896321711,0.9459624171296945,23.7309201303155
EXP2,R3-T1,370.0,58.21948545966081,22.43776554787597,448.50148102726587,6.2985092813296,1.8446396332049801,0.9546287738954934,24.14384373462398
EXP2,R3-T1,287.0,56.84720727378152,22.75590235651509,458.80696853821905,6.266214004051172,2.0311773821604566,0.9461300001214011,24.203383880914608
EXP2,R3-T1,292.0,57.915906540365704,22.637708953415835,457.8162891888748,6.2772289345939765,1.90898919833909,0.9259584221069346,23.711319596018857
EXP2,R1-T2,372.0,57.99845948407818,22.274073488376835,456.9431365086699,6.2305524148666915,3.173389397919497,1.6142437760766364,23.978559510703917
EXP2,R1-T2,307.0,58.12291747969844,22.59652557445061,448.2874434113281,6.230589439931807,3.273345499292458,1.5951974469922279,24.079651820566596
EXP2,R1-T2,292.0,57.58328889187856,22.773585474801852,452.14076882911763,6.2391441630204145,3.2617471455497835,1.6042460442102189,24.18376776542049
EXP2,R1-T2,366.0,58.5637112106632,22.315577963924103,457.84978670952836,6.225630029364545,3.2240917853208524,1.5990474351789212,24.040687379036747
EXP2,R1-T2,348.0,57.30180409691395,22.650463144434774,445.7885471981318,6.211397447504683,3.2579998412893474,1.5954680020170067,23.999031042925886
EXP2,R1-T2,384.0,58.12387156039915,22.73863865818048,457.8774863043436,6.21747841086037,3.20241988970986,1.5995286580534587,23.927378388316576
EXP2,R1-T2,361.0,58.44251675591947,22.104701596039906,455.94849531491775,6.21987845455486,3.2081082468027913,1.6081356534869669,24.016175868842225
EXP2,R1-T2,367.0,58.44766916656553,22.294911890562258,448.77805490649746,6.177223154689886,3.1752299760590112,1.5818529187431656,23.83700127855318
EXP2,R1-T2,305.0,58.36053259320104,22.363308119040926,447.98711849093513,6.193345263954924,3.190300686247212,1.6022490169855157,23.646810589842165
EXP2,R1-T2,352.0,57.12400412939016,22.568813999710162,444.7471185961554,6.187419832484084,3.159178268589634,1.6214247108768556,23.939812642791875
EXP2,R1-T2,300.0,59.01648315534282,22.447228386142132,463.805048805066,6.177307916206632,3.1657473269805383,1.583195484389183,23.694984033782536
EXP2,R1-T2,312.0,58.36347603167301,22.494563063915354,445.05635160960765,6.226046631817238,3.1985265743930404,1.5795424760546004,23.77850061029812
EXP2,R1-T2,338.8333333333333,57.67218299867843,22.727439674375017,453.68408510524415,6.224820492493231,3.185820530601456,1.5808169864429276,23.78293340298731
EXP2,R2-T2,292.0,57.373076327691926,22.8116572196566,453.67602462787545,6.208238589753572,2.3333872731088787,1.1459127521350576,24.024528746633063
EXP2,R2-T2,311.0,58.5860905734272,22.671787233506343,454.7259511356221,6.201599393678979,2.354142055114315,1.160297207626304,24.174579331561947
EXP2,R2-T2,363.0,58.53178373527993,22.588816951437003,452.5867589917478,6.200419604061073,2.2799074924629323,1.163337452201659,24.084443851492388
EXP2,R2-T2,394.0,58.976995136684124,22.558918107797208,449.05774169856227,6.182703240948992,2.3203262176435104,1.175640950793402,23.559643945204062
EXP2,R2-T2,408.0,58.38708278741226,22.723994530061606,450.03944676006887,6.236339915046961,2.3261319338062196,1.18735282138738,24.07649582273297
EXP2,R2-T2,346.0,57.712408900300005,22.495165411339148,444.5281581892093,6.210866821133737,2.3005668603435576,1.1646158246270855,23.988852069371546
EXP2,R2-T2,400.0,57.84329234185637,22.34870687639645,456.145039217344,6.200121695044075,2.35384841682605,1.1739419882201059,24.104299079172755
EXP2,R2-T2,375.0,57.08030057393463,22.34794736361222,460.95774953906675,6.208847034112627,2.360428288307263,1.1693266158094486,23.81967814045239
EXP2,R2-T2,412.0,58.385534216277065,22.380345317228723,453.85389382748616,6.209716212478542,2.3273253201456416,1.2004789717760482,23.78388375465452
EXP2,R2-T2,345.0,58.961500675746024,22.6556821667012,455.1034265440323,6.193589034413703,2.299786039781088,1.1595128569410056,23.731793749654447
EXP2,R2-T2,376.0,58.143392351292015,22.71203546198734,458.3667517699021,6.230697228048959,2.2925088899235386,1.1811144549350487,23.917301943500604
EXP2,R2-T2,374.0,57.66291773527085,22.411410704043668,449.79484613232927,6.2431304613749585,2.4359682465895895,1.1862600424023118,24.12087110013593
EXP2,R2-T2,366.3333333333333,58.17802072533885,22.474549364427823,462.0698794029042,6.199630476020391,2.325252922797979,1.1611127091468672,24.281675349682654
EXP2,R3-T2,377.0,58.128043231436614,22.72006815766046,451.7215165011866,6.2165079709856474,2.2696834619725816,1.0563316884695113,24.74514053065411
EXP2,R3-T2,391.0,58.23731455593358,22.533981122645315,460.69311604572874,6.22804465675023,2.1947320865146427,1.0639667071201302,24.892829272344766
EXP2,R3-T2,368.0,58.25722728495276,22.489150664125308,456.12979861506994,6.20968337949402,2.2620050602944475,1.0761899868858025,24.977040358502546
EXP2,R3-T2,308.0,57.53230250809009,22.524788362554578,453.27704957672927,6.21710766687955,2.209183021838481,1.0752570550979137,24.742664898854724
EXP2,R3-T2,294.0,58.00708727354053,22.391572852450416,447.2615826523085,6.239884690961464,2.193373442499928,1.0862898134062835,24.557341725454002
EXP2,R3-T2,334.0,58.31123451174055,22.837394320738426,458.74685681320227,6.2347242813877335,2.30845906176761,1.0603689188501506,24.672963650077413
EXP2,R3-T2,353.0,58.913244698690306,22.57072824406961,449.3231751633431,6.194424135085523,2.0615907154201336,1.0785451681037455,24.578975434193044
EXP2,R3-T2,368.0,57.831072568545736,22.776157905637195,457.146248316131,6.213610803688963,2.1473726249776086,1.0774060806413732,24.278219697895054
EXP2,R3-T2,313.0,57.80187457381041,22.915624070021995,459.4611142770213,6.25846877051675,2.0838367474555146,1.0508942917473925,24.56383686208783
EXP2,R3-T2,348.0,58.296706035827796,22.36988889720657,449.7186361587979,6.263865370783357,2.1981952274135814,1.046008607134114,24.64838874831573
EXP2,R3-T2,321.0,57.74452053881988,22.510949696895747,459.95786073207967,6.228575610609532,2.074629639657252,1.1109200241722417,24.714102477359408
EXP2,R3-T2,300.0,57.899385752613455,22.61863083136536,459.59279155385946,6.224839295403942,2.205677685562713,1.0754481952274932,24.474066795129595
EXP2,R3-T2,339.5833333333333,57.46830746331247,22.487758496154722,459.18664258222054,6.229472827573715,2.3010082853197154,1.0799824237579487,24.232883588481688
EXP1,R1-T2,279.0,57.510665228331916,19.677557334475466,456.4842097109552,5.987666297891091,1.7491843896587502,0.6845718761149111,26.031321420602453
EXP1,R1-T2,219.0,57.81789299755605,19.600943098723384,463.56782453884887,5.940576083576895,1.795396330518167,0.7322551201728255,26.081904291153986
EXP1,R1-T2,244.0,57.653539528614075,19.719623428359444,461.58794977917114,5.953291082605337,1.772000566156798,0.6934243589210911,25.470612121696234
EXP1,R1-T2,304.0,57.18185598539236,19.573124846155025,451.91961170927425,5.959514571190955,1.847843470568471,0.7263935065964788,25.58579115479128
EXP1,R1-T2,236.0,58.2658133699409,20.063644146752303,462.61489623380226,5.925491042179181,1.7347013226784367,0.760367792370337,25.458106573022896
EXP1,R1-T2,236.0,57.074479213180595,20.31519199858735,458.07418012929156,5.974501383208139,1.778320717457551,0.719633606993289,26.056489284722968
EXP1,R1-T2,150.0,57.50713006418037,19.620698223098795,459.4999966023222,5.955440051576828,1.7887602891040943,0.7313503364204631,25.726678882310274
EXP1,R1-T2,192.0,58.358287956228374,19.844115167500767,461.1997416813586,5.928470192905841,1.8818723059674738,0.7459720408595787,25.668115008621854
EXP1,R1-T2,230.0,56.60624280673194,20.078910489644848,455.4273745390567,5.953685334479291,1.7890308387041312,0.7381734724998068,25.8181410090551
EXP1,R1-T2,269.0,57.23573188445497,20.377938005592735,452.90256218594783,5.949954965156233,1.7901828189986169,0.7397298858272041,25.89887447240031
EXP1,R1-T2,281.0,57.40934053363685,20.58774758243641,457.8219281954799,5.915208181135061,1.8567271331645783,0.6949608452636195,25.917488030282584
EXP1,R1-T2,229.0,57.53373083020145,20.135715647541176,465.443370023836,5.935600392638298,1.889860195608016,0.7381222719779934,26.19512987149562
EXP1,R2-T1,207.0,56.621902667309215,20.00339916716132,460.62678975392555,6.137520106780137,1.777197132402483,0.7380117737332452,25.311618200676328
EXP1,R2-T1,264.0,56.99578548258495,19.92109992187079,459.6566453362679,6.124682253264424,1.8389885215329997,0.7512435263713799,25.163545197672455
EXP1,R2-T1,250.0,56.506641313617266,20.256860981641754,447.62273333289954,6.141890671259042,1.8919233975681706,0.7209145738172853,25.503392401522564
EXP1,R2-T1,275.0,56.984820621115986,20.120802617507685,453.5169254313753,6.154893527048335,1.7813432111122443,0.7116440428256727,25.078559788777753
EXP1,R2-T1,220.0,57.04352415718418,19.971226213072633,452.4526957771193,6.151554311168912,1.7998762171785854,0.717766418257529,25.484764289008005
EXP1,R2-T1,250.0,57.1134121363146,19.780589515692974,454.74677083451155,6.161076993396503,1.9408332430634112,0.7196074444878657,25.291750758896374
EXP1,R2-T1,270.0,56.97086512908111,19.98522333185593,452.6292199124995,6.155095862228221,1.7875857307177874,0.7103214298981696,25.224285277845187
EXP1,R2-T1,244.0,57.10620507618377,20.023202785186992,459.08766347495606,6.136871336677697,1.7782733363882424,0.73530797612732,25.019563139955366
EXP1,R2-T1,282.0,56.551262309529854,20.015016401837585,456.75505459454047,6.149501389366268,1.7088507944779177,0.7089023860200783,25.20937473834231
EXP1,R2-T1,202.0,57.47989112124786,20.431654434914932,455.8305933668609,6.146871402499953,1.8315113692553509,0.7273502038677628,24.965053269669156
EXP1,R2-T1,200.0,57.006732451677166,19.784701822672243,468.20506991670686,6.1760358828539506,1.7079116360268485,0.693010529582334,24.958164854981902
EXP1,R2-T1,207.0,57.710297310026014,19.650903912811984,449.8710842497678,6.170665062464874,1.796233164345915,0.7147912931365485,25.150469343468252
EXP1,R2-T2,270.0,58.19184585961208,19.77457940694574,463.08089984460406,6.273867674142988,1.7551613827058525,0.7163792898701111,25.626184672737995
EXP1,R2-T2,292.0,56.99726672769443,20.003659305941113,460.41116455777683,6.2979573428631435,1.6860299799494933,0.6945068885325429,25.34076122883117
EXP1,R2-T2,193.0,56.62337639421662,19.931563057297204,450.6818582564585,6.258250000033717,1.8532913688197707,0.7559266419054854,25.357634402189323
EXP1,R2-T2,245.0,57.36226454686543,19.749396020917747,457.0011517462676,6.291646143624385,1.762293741674817,0.6874414243731998,25.152087860929566
EXP1,R2-T2,287.0,57.50913673368164,19.846948740980782,459.646190974827,6.28779730218825,1.7563665885292519,0.6972473510143071,25.625669946862317
EXP1,R2-T2,238.0,56.71929795333999,20.10611271318332,452.11013776163077,6.242500488469913,1.753024013098872,0.681857784618157,25.448235029410135
EXP1,R2-T2,258.0,57.54393214957927,20.157855050524223,458.9292936960851,6.248847516485853,1.7514280093245689,0.7215168378727869,25.42139434680177
EXP1,R2-T2,234.0,57.997654993959095,19.981892844669282,460.48863745340026,6.287092158754547,1.7130691332163999,0.702712913052716,25.728137611854596
EXP1,R2-T2,235.0,56.73901116763836,20.28922306585676,451.95321220705455,6.263794353275911,1.708862578085674,0.7176049247581491,25.281612479450338
EXP1,R2-T2,273.0,57.23047110127106,19.487915896846417,458.9409633829827,6.259679052543882,1.7356801685577157,0.6833992211473678,25.489450081572688
EXP1,R2-T2,254.0,57.10579503077829,19.934435911608322,467.6272110021151,6.248935231422963,1.7763591717636582,0.7139335894194118,25.335833603191983
EXP1,R2-T2,235.0,57.20018678076206,19.998998363511063,449.7800895476093,6.283525654446331,1.7546198178220853,0.745028510745955,25.25563517899826
EXP2,R2-T1,333.0,57.8017637246097,23.245267090835895,447.94559570682566,6.224112796123058,1.725397838671031,0.8619941353042425,24.05372813043349
EXP2,R2-T1,342.0,57.514530689500376,22.56610644832208,458.5408571200784,6.237242618453018,1.711647526876546,0.846235070006366,24.123076185229
EXP2,R2-T1,327.0,57.50274491539358,22.39973298775095,447.4041214484211,6.229219592630584,1.8480010706478962,0.9293769764934727,24.267692274069148
EXP2,R2-T1,324.0,58.48734408530945,22.75299292211192,462.8878759852287,6.236986973997966,1.768988689491792,0.9067494221504189,24.249433052421725
EXP2,R2-T1,280.0,58.41247765725031,22.47016412775549,451.0703394683536,6.2276977192254925,1.7560395604236179,0.9161327861348985,24.310218074941172
EXP2,R2-T1,368.0,57.46968106073972,22.139452999358884,447.4337091714952,6.257592918972828,1.7913191507047137,0.946298087783614,24.419019622082175
EXP2,R2-T1,335.0,57.13242392472175,22.512359425815287,462.69328824236277,6.239648984362855,1.7361302752266885,0.8945509649019558,24.417941639857073
EXP2,R2-T1,290.0,58.57778703725649,22.380983652159752,453.60861533844223,6.226914801120455,1.8016021864078966,0.8897380763188908,23.98231608589761
EXP2,R2-T1,325.0,58.04481823007818,22.54141164557189,454.2348400330404,6.226549435595064,1.7958263539391455,0.8790008974822738,24.392926974674783
EXP2,R2-T1,347.0,57.85979174883754,22.547940537852266,459.7016125714232,6.234936320645249,1.787382912082157,0.8830920610367593,24.139127052521975
EXP2,R2-T1,330.0,58.46261381368938,22.43031465609522,449.1883019826904,6.260160833558222,1.8072866244385937,0.8807558136989944,24.291301337465068
EXP2,R2-T1,335.0,58.19286275824105,22.5269021400471,458.7127731087789,6.240158785579784,1.767461158748137,0.8719747892352645,24.440925496794353
EXP2,R2-T1,328.0,57.91012591171641,22.336524007766183,459.80057128691533,6.2780720072108425,1.6474714381827016,0.8834948665875968,23.90604315081012
EXP2,R3-T1,249.0,58.58823029050256,22.52727135649159,459.1058014408825,6.2243400659842765,1.9401274283044492,0.9392101724695362,23.804086656400592
EXP2,R3-T1,309.0,57.41993172159685,22.819531839637452,449.8283023991938,6.242028903663597,1.880794321590919,0.9814290266207981,23.966586990722295
EXP2,R3-T1,282.0,58.42659297605786,22.288491332892995,454.5777733098641,6.258050610648094,1.9476186060151441,0.9624424554184097,23.796138231833744
EXP2,R3-T1,320.0,57.790067443231926,22.549180882365842,449.4505118783497,6.284501999857379,1.935985924315377,0.9696210832236798,24.054375242469607
EXP2,R3-T1,325.0,58.31056504010523,22.562870457117135,446.8530332229563,6.241954076864131,1.870964884077797,0.9875712837919429,23.87785270851043
EXP2,R3-T1,311.0,58.05217529172595,22.75770949211111,462.70765460770883,6.297454739072322,1.890462194517571,0.9509399659729203,24.01810573899426
EXP2,R3-T1,261.0,58.46267772652865,22.437849208091247,457.40294735451147,6.277293118297259,1.8327188402608938,0.9797384848440596,23.84642242264005
EXP2,R3-T1,249.0,58.2678603880022,22.482035356924392,453.80412773599204,6.262750446723377,1.9791882994087837,0.9569850815437606,24.196046561785625
EXP2,R3-T1,314.0,56.980721697600686,22.498707510439644,459.8153671841304,6.22821033089709,1.9209561826249504,0.9112611686502253,23.92893801691818
EXP2,R3-T1,227.0,57.602225523164115,23.07156655954981,454.1920789901325,6.258227870535391,1.8512828320231263,0.9365886918948331,24.100304464744017
EXP2,R3-T1,370.0,57.54497468547011,22.13210686454777,458.8811176462823,6.2761029492000215,1.832817515728848,0.9355405882441092,23.76568036964439
EXP2,R3-T1,287.0,58.28049074509577,22.44140949886745,461.18085301013105,6.222654185591223,1.8574704977073293,0.935269964864842,23.789778326923862
EXP2,R3-T1,292.0,57.6021785141372,22.587003614303008,458.72687848325944,6.277212208474394,1.8213349167463426,0.9528271804850884,23.919565294328212
EXP2,R1-T2,372.0,57.73303742932734,22.04998233193864,452.48270248939934,6.1810911049533654,3.1316266201398006,1.5895403519040854,24.02154215273381
EXP2,R1-T2,307.0,57.37574128009035,22.562464216127527,452.07465972557185,6.2268161360624505,3.238457879426221,1.6076389776454258,23.7855582290973
EXP2,R1-T2,292.0,56.690050721151565,23.036304756242632,451.2379091671036,6.165057374642516,3.3304459876706662,1.622362907266889,24.015910985862153
EXP2,R1-T2,366.0,58.514313832493144,22.519895147204462,457.8931895178055,6.206013323041255,3.225164746024713,1.6106824497251921,24.238389831206685
EXP2,R1-T2,348.0,58.488659974149286,22.585558133466126,460.19245192814134,6.20755062537057,3.116704123780502,1.5774730295873811,23.60700883655686
EXP2,R1-T2,384.0,57.04642924060074,22.38413655101554,449.59680175257824,6.198608946102945,3.2245672423374074,1.6122705665462174,23.763266790372583
EXP2,R1-T2,361.0,57.76867842234937,22.351656987416227,447.8817751861597,6.215075437393865,3.1488244740500506,1.6133611290471874,23.876229649928295
EXP2,R1-T2,367.0,58.400317838876134,22.611921540336294,449.82256913428785,6.209260147770495,3.209739550442291,1.6138720417329557,23.778149031249388
EXP2,R1-T2,305.0,58.46005745423166,22.761912213616924,454.1954648434013,6.228783002579022,3.2437400323864507,1.6342431175810441,23.753341426033465
EXP2,R1-T2,352.0,58.68568085477134,22.88644353463704,448.4034545966092,6.184705448700343,3.1527138102789505,1.6167984396581012,24.042603429313253
EXP2,R1-T2,300.0,57.61484421425245,22.001797233091207,452.86511667348765,6.20262508299199,3.243061591631578,1.592667295458088,23.793003631665865
EXP2,R1-T2,312.0,58.559466372405716,22.32498571722511,464.1559925406822,6.243523053024924,3.225678069245135,1.6147818093836785,23.700154059755036
EXP2,R1-T2,338.8333333333333,57.85709415915972,22.645989313382046,451.7109445781095,6.195384290336086,3.1909815492594125,1.6106659907322964,24.189834914827152
EXP2,R2-T2,292.0,57.91676659599835,22.388715620458242,451.0609261192687,6.2200593327283125,2.3856817732981983,1.1547774633443184,23.778570051913576
EXP2,R2-T2,311.0,57.40408959924283,22.341479488738013,458.214351478333,6.18501731863356,2.3887128416819117,1.1385698233677986,23.745863007433375
EXP2,R2-T2,363.0,57.58565046026888,22.760582401801162,441.9069429418709,6.227938045800288,2.3277341418355313,1.1702721460444463,23.76026073293955
EXP2,R2-T2,394.0,57.66600316747977,22.47715596849317,454.95157882518123,6.192910384640903,2.477396198466403,1.1591826517319366,23.8099589535149
EXP2,R2-T2,408.0,58.71553551774434,22.74982486356221,446.77524503063165,6.211906122325343,2.3709702332186073,1.15335602969282,23.564799521860632
EXP2,R2-T2,346.0,57.595744395331806,22.590173869147257,449.24632486163466,6.222640898302555,2.2838902962794725,1.1545329645651305,24.21631924336642
EXP2,R2-T2,400.0,57.48749541120991,22.413159228429993,450.18360990568044,6.227355880612832,2.3797464508919317,1.1865681292221137,23.839589500546243
EXP2,R2-T2,375.0,58.743815830064044,22.615735551926026,450.83482916598643,6.199345435073305,2.288864659843641,1.1561346006374347,24.204650208171426
EXP2,R2-T2,412.0,56.56039320240959,22.51223495876681,452.834853872764,6.204034303702213,2.3172365224965663,1.154792458235183,24.097674224406454
EXP2,R2-T2,345.0,58.14211936820766,22.483947756833285,458.8744523906771,6.211633081624198,2.397884676535473,1.1400137055015156,23.91579252080378
EXP2,R2-T2,376.0,57.954640726395986,22.63891275330955,453.71261930826944,6.228542986727599,2.3220918849016003,1.1731060123429697,23.735808244276804
EXP2,R2-T2,374.0,58.14047299913891,22.316326184272466,445.9710251354966,6.1608979235156625,2.31174152181977,1.1607257986820425,24.129372506205037
EXP2,R2-T2,366.3333333333333,57.169799298888854,22.173688875623068,456.28189480433866,6.198551552679631,2.3140019442781434,1.1722487919653792,24.005602936696093
EXP2,R3-T2,377.0,57.508962899995396,22.217967983540113,458.970538183715,6.257402401545838,2.2672584723750613,1.0980712869116729,24.642524473695953
EXP2,R3-T2,391.0,58.75672495671482,22.46586591116941,454.4655201937365,6.198908601134406,2.1620169270909284,1.0665341276003215,24.72481061301415
EXP2,R3-T2,368.0,57.76530687731208,22.71011670001964,451.4922201840089,6.235291997189292,2.197864059361334,1.0958705515258305,24.552781031224264
EXP2,R3-T2,308.0,57.48465783417568,22.569383958673928,463.09641764033574,6.222694524356433,2.2187945148820143,1.0678968648833422,24.774122187436966
EXP2,R3-T2,294.0,57.8598529200779,22.550422631454264,452.73077403305285,6.204340296784782,2.1597099791575216,1.109538478203015,24.417395704105573
EXP2,R3-T2,334.0,57.4288005490469,22.596011584380626,452.5782014483843,6.247043013980288,2.214654141238824,1.1001189061760788,24.949563532927733
EXP2,R3-T2,353.0,57.85982916147299,22.279968360412987,449.3001727673461,6.252125267018823,2.059514052002418,1.0798168419122347,25.073323535022393
EXP2,R3-T2,368.0,57.138068233853645,23.03600903503414,456.2177413967083,6.185956253953204,2.0868619283410905,1.0830956508588685,24.810969304351353
EXP2,R3-T2,313.0,58.37047219728285,22.511126298293913,470.46289831729246,6.21480939655038,2.0855942277321717,1.0835523797936473,24.768261367035155
EXP2,R3-T2,348.0,57.93823557302061,22.631820242613227,452.7827457567333,6.184619612941366,2.2119986848885302,1.0626520487102349,24.575281532026622
EXP2,R3-T2,321.0,58.96460005244377,22.459436326503468,447.6282039227528,6.206494924679994,2.1013212901745635,1.051923133422928,24.6860729698142
EXP2,R3-T2,300.0,58.355536815651824,22.542403926598713,458.34600001747083,6.228887358655139,2.180045418597734,1.1185876075248442,24.534655688467204
EXP2,R3-T2,339.5833333333333,59.12124160654632,22.550553319147742,450.42378666607414,6.267886099191434,2.171917797512628,1.0910318001946353,24.770208592231956
EXP1,R1-T2,279.0,57.57509496701297,20.13089074378135,453.02584298707274,5.950315473728865,1.7589055310166928,0.715400890671062,25.817837785987294
EXP1,R1-T2,219.0,57.75833473730616,19.800498980278153,448.1066162865977,5.93629689932815,1.6985221021015433,0.7514467277146825,25.975859529667584
EXP1,R1-T2,244.0,57.65279740530442,20.00848851080478,457.20048163319933,5.923657325428712,1.8080425236501194,0.7158530729128272,26.165656911279964
EXP1,R1-T2,304.0,57.546675799056665,19.86164606285802,453.91866780706897,5.923711838272891,1.8949854348836204,0.7237120569146528,25.962110768712172
EXP1,R1-T2,236.0,57.003769748734584,20.042614521332247,450.26645215341915,5.929241796966561,1.8462985927559896,0.6933844828278471,25.2381192094083
EXP1,R1-T2,236.0,57.26250127469158,19.840847518062297,457.02032703257606,5.945338259620382,1.8568344858538182,0.7465181122381908,25.85087700717669
EXP1,R1-T2,150.0,57.97616517805742,19.70380614532308,455.29333694326357,5.929931721450538,1.8795803674250438,0.6865339879836969,25.715107476100776
EXP1,R1-T2,192.0,57.11715953745247,19.625439208074457,457.7285987562428,5.91817232454151,1.8394295477166758,0.6717124922782438,25.553368386500487
EXP1,R1-T2,230.0,57.67543900721494,19.90408954154147,458.15932924958724,5.906907596740494,1.8224418536627023,0.6910752624071351,25.905929010325636
EXP1,R1-T2,269.0,57.48622128163924,19.85545665959229,461.5995901008572,5.916053951035573,1.8259149012260973,0.7400582893646669,25.994027441916167
EXP1,R1-T2,281.0,57.879574290956675,20.173100093710048,452.9815078904728,5.93239501183786,1.7426268017314377,0.694466786965898,25.553721744992707
EXP1,R1-T2,229.0,56.70948267193037,20.228829968586552,449.7615048057557,5.932780346304325,1.7268173993116154,0.7323772254558758,25.983108448550894
EXP1,R2-T1,207.0,57.12347140722375,19.974025207582056,457.0214128699843,6.114230287799384,1.8770150866042477,0.7389214736060222,25.074280802639134
EXP1,R2-T1,264.0,57.864929339798564,20.324593547944946,454.47292000720137,6.1576894578883685,1.8150569555010867,0.7605899036643307,25.115668579063296
EXP1,R2-T1,250.0,57.03411639823347,19.805094741567395,453.4564822289176,6.161777755911194,1.8213421775917893,0.7582448965792148,25.102098359588208
EXP1,R2-T1,275.0,56.94339138603074,20.07515534953744,452.5961535034777,6.1426085357078675,1.7639153181798324,0.7299826344264565,25.181875151580403
EXP1,R2-T1,220.0,57.297190961003565,20.342048174091044,459.4029890506491,6.150715970112752,1.8690941730955968,0.7502596096990578,25.3298183637707
EXP1,R2-T1,250.0,57.140420980583954,19.747804041134156,458.3977226048821,6.113996563663991,1.8339629240982,0.716141862392358,25.436376292358556
EXP1,R2-T1,270.0,57.89911023628423,19.7809524281232,461.2619446632182,6.1674032376256305,1.8158769219744106,0.6854749043852971,25.303774801669284
EXP1,R2-T1,244.0,57.43404191807102,19.703683796014406,459.1586683205513,6.119233908034296,1.8211430372224158,0.7328724740019481,25.26159273787522
EXP1,R2-T1,282.0,58.027684392027375,20.260638906353133,468.3519729970638,6.1674947063251135,1.8185839464092275,0.7607744309096078,25.271894405989254
EXP1,R2-T1,202.0,58.8596991213386,20.327657781297418,449.6947047061623,6.104230922171422,1.8343864448427631,0.6958484975477874,25.288184599991745
EXP1,R2-T1,200.0,57.5337657772738,19.738379049712094,455.16079856795056,6.146472991478984,1.9057951197613376,0.7112475610666763,25.121566894187897
EXP1,R2-T1,207.0,56.31848646356195,20.261115328854487,449.6051849772143,6.17526857360588,1.8570016172043031,0.7408774344502581,25.60874919933072
EXP1,R2-T2,270.0,57.24828136117967,19.97788283998373,460.2515044377165,6.270311718505126,1.7746670401390163,0.6601606656863466,25.48839339648871
EXP1,R2-T2,292.0,56.96421325779795,20.05607195161663,467.04238944325317,6.2578388618810346,1.7558250988324926,0.7307745784922801,25.542177434996994
EXP1,R2-T2,193.0,58.27892312175089,19.79055016367581,457.345111728951,6.261725072636595,1.7901889430261262,0.7125076706264419,25.580130437652755
EXP1,R2-T2,245.0,57.52899999477859,19.895917051421844,456.3614373058766,6.2354311463486605,1.7473448570926748,0.7111326026008074,25.540783973685024
EXP1,R2-T2,287.0,56.584778337671615,20.285181722975324,458.0756022576866,6.2967110612874935,1.7877629042758325,0.6812212717179312,25.221596286991584
EXP1,R2-T2,238.0,56.618689691408846,20.34394983901559,448.1983653661297,6.273393428729506,1.7837704105513201,0.6973007999635924,25.4522693420517
EXP1,R2-T2,258.0,58.410333483692014,19.852322778828743,459.9379748962806,6.277559420940908,1.6575078439664532,0.7239554658113275,25.499634062781332
EXP1,R2-T2,234.0,56.988785287585934,19.879533915311775,458.58889487071247,6.305725013188899,1.7690839028305718,0.7371655267608169,25.35695184238465
EXP1,R2-T2,235.0,57.11042699693634,19.791267359252885,453.2187580179591,6.28333225929778,1.7729151544776396,0.711929711323013,25.39207144443407
EXP1,R2-T2,273.0,57.661023679695475,19.897083126828516,447.9819929033362,6.281066456871335,1.7367043924285066,0.698138989381526,25.60712096545111
EXP1,R2-T2,254.0,57.08435874588198,20.04853832630625,450.4591996396834,6.2808927111619886,1.838129567483887,0.6981846188655542,25.561251248411033
EXP1,R2-T2,235.0,56.89058901471996,19.94356470198146,465.36524591316993,6.257970948180996,1.795316592989629,0.7171353235891758,25.49272722268709
EXP2,R2-T1,333.0,57.831853400542734,22.505078990667663,450.53444639355774,6.249316323603087,1.7723414240740594,0.864641200814361,24.319094494126155
EXP2,R2-T1,342.0,58.38996512816431,22.725544775191594,457.38650156629103,6.255426343845067,1.7727068833552952,0.883403695803245,24.565016137927035
EXP2,R2-T1,327.0,58.089952607341665,22.51307846656078,447.5990781877117,6.258452833584806,1.7808310297948557,0.9032533627357133,24.31453504760997
EXP2,R2-T1,324.0,58.07174902746667,22.5058067024476,456.9956151941042,6.233163338116048,1.8333811840371195,0.8796005939380328,24.240394059224723
EXP2,R2-T1,280.0,58.071964906416916,22.243056465449033,453.5298982363386,6.281308519157508,1.712106620723216,0.9022886101481886,24.059828825243663
EXP2,R2-T1,368.0,58.09764127847417,22.463839624939776,460.67594940589373,6.266987288854485,1.7700336341142924,0.8520348797623802,23.903148980156868
EXP2,R2-T1,335.0,58.68122816939742,22.68385054390459,450.6063574067908,6.220710717260863,1.8378843732209582,0.926724680350181,24.261232371811026
EXP2,R2-T1,290.0,59.20760418222464,22.41287801456136,452.9261237249058,6.233669832087776,1.7118677728591587,0.8854359279509304,24.318831130179863
EXP2,R2-T1,325.0,58.59517844063143,22.753905425862616,453.99047375821345,6.228704042515022,1.820836707142494,0.8732686877622098,23.75635001790754
EXP2,R2-T1,347.0,57.688301633597504,22.322445984882123,447.6217271260048,6.238122655933154,1.7437762920937012,0.8615918013164676,23.95394635144869
EXP2,R2-T1,330.0,57.29840640791592,22.790562481002308,456.28115248669377,6.2230835312847095,1.7204435139400838,0.8915674923367641,24.4775238178483
EXP2,R2-T1,335.0,57.79229140413298,22.715692002335338,460.9576205768436,6.220655450288959,1.6806081227880922,0.8890242990015049,24.092082411228233
EXP2,R2-T1,328.0,58.59896377427645,22.409813465737347,455.51275496330095,6.250240319321947,1.8229992835529605,0.9011596860190273,24.0504245823404
EXP2,R3-T1,249.0,58.105347704283375,22.38569382819749,459.41805314814474,6.220400925399487,1.958666887160984,0.9795695565831315,24.09187057391236
EXP2,R3-T1,309.0,58.34540681860717,22.71516470218501,454.7375199148949,6.258162578959339,1.9194144344394886,0.9448879106912884,23.832103303495803
EXP2,R3-T1,282.0,57.814900605310484,22.764302671656345,453.6989297589384,6.238853299895171,1.8938418490979112,0.9631236979211467,24.164780737826018
EXP2,R3-T1,320.0,57.99579989421333,22.367640480666523,452.56953035702264,6.246267214703586,1.925049490456204,0.9492363610840168,24.14954914212202
EXP2,R3-T1,325.0,57.23302148157224,22.553288786511054,461.1498965385589,6.2682132708669975,1.8753910115979757,0.94409000074731,23.77450421826974
EXP2,R3-T1,311.0,57.607790090805246,22.514496228754517,456.37213874611933,6.288159535325133,1.8160986538944233,0.9310332462487863,23.594115456611117
EXP2,R3-T1,261.0,57.206545223993025,22.51250703842537,452.6173806998093,6.261398861514154,1.8575002241345622,0.963205391059515,23.815176346775488
EXP2,R3-T1,249.0,58.67538202736326,22.541013042584915,456.96930229674376,6.278763325766348,1.8583129605410642,0.9368292789569777,23.829547559273333
EXP2,R3-T1,314.0,57.45435324756241,22.62949334686417,459.68367714773495,6.277419688079053,1.8449961487342232,0.9296237588029207,23.81124491519728
EXP2,R3-T1,227.0,57.17109868540892,22.35626329712993,451.2564747781546,6.248627537243001,1.9873439191357498,0.9753123140868386,23.71595169952104
EXP2,R3-T1,370.0,57.43926860766267,22.817933362362364,448.56711595076996,6.243832196504056,1.8823450834923496,0.9297629129244257,24.07656556505224
EXP2,R3-T1,287.0,58.44414806436245,22.419433226361605,455.08290634468915,6.251144905116362,1.9662153828016296,0.9529016461851191,23.864241276267514
EXP2,R3-T1,292.0,58.12972222766223,22.707499329014624,457.7428084904746,6.306202241362856,1.9317811354384447,0.9367609923092581,23.673074347756657
EXP2,R1-T2,372.0,58.087154432149504,22.42540516049957,454.29257099062085,6.195883679543212,3.2132082209773696,1.5801278192047892,23.944137212576333
EXP2,R1-T2,307.0,58.41277946254864,22.466331896468493,447.03308449308514,6.1991465832854455,3.2352044607117,1.612933669720557,23.928550187902974
EXP2,R1-T2,292.0,57.5929736619056,22.297479372658017,463.5415334899532,6.211991544673372,3.2106229185316746,1.6198971959413342,24.317605860582994
EXP2,R1-T2,366.0,57.60560046561093,22.64709134038877,460.49082707827904,6.227324007115928,3.2257346667841835,1.6246273899362524,24.01484346296755
EXP2,R1-T2,348.0,58.41546521763292,22.422899048635916,447.5332716291551,6.224778847519328,3.1932414589589353,1.6075721745598415,23.66295242341088
EXP2,R1-T2,384.0,58.02595329615056,22.105888381232596,446.1474383819661,6.196376690248831,3.236342844963478,1.5865109222045908,23.87778525395954
EXP2,R1-T2,361.0,57.58583289891375,22.318505313434756,447.6874184238526,6.218643385234033,3.240252471279715,1.596293660981803,23.776870526253315
EXP2,R1-T2,367.0,57.94222716010519,22.600016574681803,449.22902752991286,6.20993925666429,3.056644950392677,1.6223373707897821,23.615146759843284
EXP2,R1-T2,305.0,57.5534769510263,22.237912093941873,450.6768170956033,6.24666446008045,3.2614945389809047,1.578744634104513,24.006477947178947
EXP2,R1-T2,352.0,58.2336250527638,22.266993994334317,461.23765305569447,6.204800327353082,3.1582431956843395,1.557015169539937,23.818685923443727
EXP2,R1-T2,300.0,57.357804255362666,22.547503850336682,448.77417552047694,6.219211016393691,3.1918317210545775,1.5939707370918232,23.769703485722523
EXP2,R1-T2,312.0,57.88570038889164,22.70346444622479,458.0484937554023,6.196211311215998,3.1341680720220872,1.6140600705306343,23.44481589937488
EXP2,R1-T2,338.8333333333333,58.09197469302043,22.548627569382873,444.11848902665304,6.2064136077494165,3.250745783516455,1.5898361629939857,24.131199851168
EXP2,R2-T2,292.0,58.379546544788305,22.559191961190642,455.26289984952507,6.179375098067175,2.3446568914138193,1.1843127022793611,23.559831087548012
EXP2,R2-T2,311.0,58.099390733004185,22.77457295285188,453.4450148203966,6.197300236704535,2.3288869283456677,1.1932387338341819,23.51692960021266
EXP2,R2-T2,363.0,58.45241339141806,22.548285453670513,457.4134783176715,6.22209868603758,2.3721650780760832,1.1767540409224073,24.032916722421522
EXP2,R2-T2,394.0,58.714205877250116,22.530604993097622,457.6951244939848,6.207392100909932,2.3339329508102815,1.1619923598295514,23.906784154435822
EXP2,R2-T2,408.0,58.48323249132731,22.337279572278838,452.2047226745668,6.221921478595563,2.3949942836335736,1.1343916154981246,23.55801164980099
EXP2,R2-T2,346.0,57.70947393046122,22.699833016731247,445.40864692619175,6.207401782431772,2.389473766257628,1.1867315644430054,23.91270112042003
EXP2,R2-T2,400.0,58.923850864266065,22.57159616075742,453.56795388657576,6.219711528674807,2.3791526188207777,1.2159786260117926,23.559392216101756
EXP2,R2-T2,375.0,57.859913069953315,22.541575013701877,457.89485198583805,6.190954872058085,2.2826071478358263,1.165604097634738,24.14651308469257
EXP2,R2-T2,412.0,57.03893685118866,22.365380573250363,453.81698484511446,6.226385517385101,2.362297298314267,1.1797860441458028,23.81627745211078
EXP2,R2-T2,345.0,57.35913677230698,22.613834447275753,461.9036749341956,6.1851748104850826,2.326384741633338,1.1260343846892382,24.21121493038018
EXP2,R2-T2,376.0,58.73882997264106,22.989180215167018,453.7306860118253,6.189768175703269,2.2878077269525128,1.1584643861831094,24.18420820076447
EXP2,R2-T2,374.0,57.690836807634476,22.438699589691467,449.9328946628806,6.203318767993324,2.3383187180198877,1.122488869059455,24.202381564403336
EXP2,R2-T2,366.3333333333333,57.87632797073305,22.327181660360797,455.82524676928443,6.226558567225746,2.3430922917382344,1.1790191238854824,24.1849060979818
EXP2,R3-T2,377.0,58.50940942448414,22.58929099913785,460.86689445992226,6.240366669399033,2.154372508260774,1.0720827828785744,24.57345188957715
EXP2,R3-T2,391.0,58.55497054740632,22.599718738555584,459.041700004277,6.2372942926086665,2.1909973475924187,1.1321011810562462,24.50771771441866
EXP2,R3-T2,368.0,58.57074161952277,22.451709442770223,454.77360229023583,6.222585657464253,2.199666658793954,1.0716941232932955,24.44084277002824
EXP2,R3-T2,308.0,57.589114715090886,22.197490548507428,454.0017644340157,6.2480238562034875,2.222892482714276,1.071549712341935,24.319770615494743
EXP2,R3-T2,294.0,57.81677265938898,22.63546592012437,452.26719654802065,6.196843599039384,2.185716199267895,1.0788420605639621,24.616667377514045
EXP2,R3-T2,334.0,57.452659007496884,22.40370698561144,462.8244203455702,6.198440095866567,2.2565721379950605,1.0767000929014439,24.25328830807511
EXP2,R3-T2,353.0,58.29593662914735,22.372112664185636,457.45264814339185,6.2281762692904135,2.154532501473622,1.0929888876869724,24.919961923774228
EXP2,R3-T2,368.0,58.20792416825223,22.865541378808018,456.0213049611162,6.226790737027172,2.1977296243825446,1.0702041614722961,24.651699373364952
EXP2,R3-T2,313.0,57.27972988637809,22.702011343339812,456.7931759477102,6.257715520284862,2.2218692197006207,1.1002544414860285,24.852519608331228
EXP2,R3-T2,348.0,57.551427152590215,22.78920293391386,456.95152811818855,6.184554139755645,2.133178135764984,1.097842592690331,24.626665095964057
EXP2,R3-T2,321.0,58.233169195743486,22.47005533182674,450.9258518439028,6.22426049090263,2.122115266426127,1.1204398530245434,24.290961728496526
EXP2,R3-T2,300.0,57.76980032283466,22.48691210319214,460.20912411401645,6.247058465590552,2.122142515968761,1.064098415542471,24.44031178603082
EXP2,R3-T2,339.5833333333333,58.576775083004534,22.58798693138228,456.8167825982709,6.264608814361237,2.1517894166791303,1.1055931244205581,24.683079962307843
EXP1,R1-T2,279.0,57.503450397688525,19.796756543860187,451.3711495407528,5.929893577631982,1.7723622365993918,0.7319694611125244,25.745758923692183
EXP1,R1-T2,219.0,56.47221334492051,19.983333134779222,454.722108165324,5.965450279352552,1.732991642881915,0.7074534553603101,25.754085767588716
EXP1,R1-T2,244.0,57.598842969016886,20.09999493790332,450.43449579593795,5.924422465179905,1.9245205060752997,0.7219971293682238,25.971344635691814
EXP1,R1-T2,304.0,56.893394421228145,20.014887862587027,453.0456569732306,5.917488285020139,1.7310758448555597,0.7262084587661654,25.991966875859468
EXP1,R1-T2,236.0,57.61637341628325,19.740360828940673,454.32718746068923,5.969112562379793,1.821213497061264,0.7162430509092811,26.043791735976896
EXP1,R1-T2,236.0,57.73161764817084,19.939268319193086,456.58905709535486,5.905393279921614,1.8368517665017952,0.7316934717789968,25.4744097643449
EXP1,R1-T2,150.0,57.53115627606709,19.95142226407407,456.8410564477775,5.96573446464851,1.7912667799470723,0.7061389173811531,26.14365683358288
EXP1,R1-T2,192.0,56.81920287221751,20.15100338871083,454.94847923122876,5.88016441450808,1.7879544665861036,0.7390837246476268,25.99033368250168
EXP1,R1-T2,230.0,57.28012074129615,20.109222054250463,450.9897443683313,5.928032585336686,1.9257962665495034,0.6950350115494829,25.898438045678642
EXP1,R1-T2,269.0,57.76110287629811,19.971896003064256,453.5223860795001,5.960133783272097,1.7284534370695224,0.7207622043953028,26.0501216990072
EXP1,R1-T2,281.0,57.402961667462186,20.351580861867554,447.34887673121654,5.934895171894558,1.7793215371576898,0.715212835510597,26.21545274731197
EXP1,R1-T2,229.0,57.22316061084439,19.67393795312082,460.4187127577455,5.9859422499453245,1.8662369447007765,0.7255999176832763,25.927494912602665
EXP1,R2-T1,207.0,56.784211233598654,20.117845791549765,455.7365376385551,6.142891424911835,1.8335800624248129,0.7341332828704621,25.020161658904094
EXP1,R2-T1,264.0,57.288564250817764,20.078316345354093,453.5494849506901,6.196026161493985,1.849838333373216,0.6947695911061873,24.984454260430216
EXP1,R2-T1,250.0,58.27850466467568,20.034213815339918,452.4934010588322,6.149779384137924,1.8348335399218765,0.7226900724271249,25.605178430635352
EXP1,R2-T1,275.0,57.70526713778381,19.70101015301634,459.7329853134852,6.16514994046489,1.832230333423029,0.7153409531771098,25.331258803079876
EXP1,R2-T1,220.0,57.40033079334026,20.199279886806632,461.5296640248358,6.147397462422906,1.7610746095579906,0.6742752415236207,25.15929663713353
EXP1,R2-T1,250.0,58.01657490292413,19.702570241074238,458.92699115446385,6.165656933588393,1.7455802999569465,0.7269070110515068,25.490476093494983
EXP1,R2-T1,270.0,56.92013296712867,20.20622874383329,453.0432076451045,6.159656442074549,1.8595784284203127,0.7277040208808597,25.28283403478818
EXP1,R2-T1,244.0,57.50744174719673,19.69551118128593,453.55995068133365,6.159678270750333,1.7912221516407174,0.7156065708937202,25.469231747742583
EXP1,R2-T1,282.0,57.0853179998253,19.960052348734763,466.22527241885933,6.156582123035713,1.7490190395063683,0.72061632398239,25.137055266874558
EXP1,R2-T1,202.0,57.788468112628486,19.949161523737466,463.39337627648143,6.168642822804815,1.844306305325155,0.7468349983686443,25.43508278246751
EXP1,R2-T1,200.0,57.280706248023634,20.04988966957788,461.46538772901215,6.13097860046417,1.7446446537415916,0.6957921039160402,25.368827703166563
EXP1,R2-T1,207.0,56.92794994326356,19.547713963820794,467.1236136038151,6.181037663987715,1.8647158540736357,0.7379113208876755,24.89503971943066
EXP1,R2-T2,270.0,57.453153884330746,20.016097425946636,456.64686829358203,6.263444701712707,1.7391084014474334,0.7247089396055199,25.50101242764041
EXP1,R2-T2,292.0,58.351857012905526,20.096562939492355,462.2013204190608,6.284450865756323,1.7987995389045508,0.7062423605743768,25.571624605598306
EXP1,R2-T2,193.0,57.17011315465552,20.199333867312696,455.72992953668734,6.269172495889749,1.8265338153761752,0.6920587966986614,25.60311792921807
EXP1,R2-T2,245.0,57.439848668375525,19.421207899486554,465.820963845602,6.292199870566357,1.7862232881343274,0.7230655017183654,25.84157308418237
EXP1,R2-T2,287.0,57.31714819470183,20.120638392202704,464.61014900127554,6.268260684174108,1.7152004688006492,0.7259380514721687,25.52367346532465
EXP1,R2-T2,238.0,56.77681808112421,19.821657745567205,460.29075522127846,6.26095586575823,1.7749152700638426,0.6999813798203435,25.383041264003577
EXP1,R2-T2,258.0,57.04207451988976,19.78835567573797,456.314963326071,6.269923774148537,1.7549678244929263,0.6972730510892337,25.260342608420498
EXP1,R2-T2,234.0,57.2777255514216,19.715077069360316,448.5889980698838,6.280124510640954,1.7394850373380646,0.7155275034851792,25.721677604378776
EXP1,R2-T2,235.0,56.70448138909666,19.721135851775635,460.23263422598876,6.2690929651094685,1.6932154711456529,0.7032774477006869,25.498084815360514
EXP1,R2-T2,273.0,57.144364303730654,19.957329786079956,456.7881404392644,6.281774972438287,1.7494506110990278,0.7140169955227097,25.130214596124095
EXP1,R2-T2,254.0,57.62320331790221,19.865867572151128,452.48565257877516,6.286023006207889,1.7097609608940436,0.690717294394823,25.604747939597452
EXP1,R2-T2,235.0,58.36792795298081,19.945083298849244,457.3616873990258,6.274178118635968,1.7463817230791872,0.6892288244352682,25.287620490682556
EXP2,R2-T1,333.0,57.631254150347026,22.28101380862834,459.34259505177204,6.187684271719666,1.743760292688101,0.8996123074637425,24.10866078371772
EXP2,R2-T1,342.0,59.20362375182543,22.411919875445857,457.2375018621948,6.27481291826402,1.7415738792427418,0.8628415327684417,24.354153651992306
EXP2,R2-T1,327.0,58.029558319797324,22.607141083018067,454.2535848796047,6.2108644402912825,1.8193030124637262,0.9206504565229394,24.104197312560913
EXP2,R2-T1,324.0,58.067564900076235,22.506876244997965,449.46655460652664,6.219555117540016,1.8353394492599184,0.8925875085152738,24.232482398644457
EXP2,R2-T1,280.0,57.84719548110953,22.62293403702553,456.11110359496934,6.241415612278932,1.7918829026272132,0.8918959195094698,24.091090186897727
EXP2,R2-T1,368.0,57.31119035483681,22.507370132829728,462.76728143294264,6.1921360514782275,1.8185701126697433,0.8742988837438134,24.10574540429566
EXP2,R2-T1,335.0,58.437644896167576,22.462546288238215,454.4240916832922,6.241136312750773,1.8215430913401822,0.898991086044537,24.272060340041293
EXP2,R2-T1,290.0,58.2292433983541,22.55171667811345,450.2834369198355,6.230243863790648,1.796379643048344,0.8735545488956797,24.146665318172925
EXP2,R2-T1,325.0,58.28228405141461,22.7952106090797,452.02229678587247,6.2568501322546695,1.7811001761877279,0.8825085269359341,24.124328880162395
EXP2,R2-T1,347.0,58.34228303965284,22.236184922083094,449.8527934900841,6.298468883040374,1.7530603292095017,0.9161965654475266,24.08165877428809
EXP2,R2-T1,330.0,57.72950411180992,22.10257942648551,455.83752423048384,6.246943395652147,1.8145407545101149,0.8806039912861033,24.51413556046994
EXP2,R2-T1,335.0,57.81282895685483,22.591612015544428,457.10976149646626,6.232643433931353,1.8313048824535194,0.8936706987424673,24.20319407887194
EXP2,R2-T1,328.0,57.83138439887874,22.9156009469216,460.90244506476216,6.255926274181462,1.814213341343208,0.8802193582866089,24.375623383211423
EXP2,R3-T1,249.0,57.72336386663625,22.36137879954224,455.2507375071047,6.237851359908082,1.8575507832494067,0.9398228407364686,24.106122264808135
EXP2,R3-T1,309.0,57.27257815244623,22.7072417825312,444.71926835564017,6.293426289044858,1.871080010756664,0.974714383870858,23.83054501311991
EXP2,R3-T1,282.0,58.66364738026458,22.680016264690604,447.10720219950605,6.250130422754729,1.8179009813854998,0.9238705460006513,24.026683690568596
EXP2,R3-T1,320.0,58.13995096508033,22.60447845502201,448.7451077090664,6.232979246808802,1.8495050892797025,0.9706809923409624,24.153021047719257
EXP2,R3-T1,325.0,57.695609016337,22.34707656397339,453.58003000565617,6.256809239165142,1.8838337718205533,0.9678195296448515,23.914293292609003
EXP2,R3-T1,311.0,58.14261985767513,22.43148950518416,462.38124712563354,6.267378529122095,1.9539801102595944,0.9729000980946333,24.070787439534655
EXP2,R3-T1,261.0,57.57379218395119,22.45852754794934,457.21432532271353,6.235548395232679,1.977460928844321,0.9495585994329397,24.23507659473577
EXP2,R3-T1,249.0,57.7601820199439,22.505018594062037,447.711411539112,6.271707663807282,1.8828086217419024,0.9314618273135651,23.68817255210622
EXP2,R3-T1,314.0,56.96488003567556,22.962513750218648,457.59308538438864,6.297438002783996,1.9503030173558096,0.9519203072117653,23.903705759945662
EXP2,R3-T1,227.0,58.24912067225292,21.98031144921962,457.41091805362464,6.271662589832956,1.865455584274593,0.9887088585714419,24.0874264771148
EXP2,R3-T1,370.0,58.252421754568374,22.5953751168189,457.7610422112668,6.305373791010461,1.8296626083645886,0.9207690994522512,24.030330204221052
EXP2,R3-T1,287.0,58.02942028211405,21.979443009267758,449.557654243871,6.245691010888696,1.8104101470750478,0.976810433438458,23.8085220378153
EXP2,R3-T1,292.0,58.852178978778014,22.653172583864894,455.9460955961893,6.258904134408718,1.8611659928391495,0.9387004559433587,23.788905945447723
EXP2,R1-T2,372.0,57.776090210608125,22.137328058715735,456.4339765369814,6.24928846803345,3.1985272730386582,1.5954117109674057,23.51447646132866
EXP2,R1-T2,307.0,58.176656617848785,22.219339024515033,452.5685127519286,6.193769022178722,3.2028510754054955,1.5859345988467506,24.38161962927821
EXP2,R1-T2,292.0,58.36343794654628,22.40155295535747,457.44458626875155,6.246864416522675,3.2852406361996307,1.5953201077530088,23.859799539661008
EXP2,R1-T2,366.0,58.63664533400857,22.236508477646503,463.23372047140776,6.192340812135287,3.1033411873146513,1.567203200948574,24.09688817297724
EXP2,R1-T2,348.0,56.9911998275002,22.47548749240914,452.15335258409584,6.222359088862958,3.227275377969714,1.5793165465994785,23.697758019521423
EXP2,R1-T2,384.0,57.034686351405036,22.676497377693366,463.082656513398,6.217583530977693,3.1617122223020755,1.5932587061556385,23.738001917978107
EXP2,R1-T2,361.0,57.62929513378823,22.32852113269247,445.5640193939835,6.212898444222919,3.210205077870743,1.6442802379375412,24.35064412200033
EXP2,R1-T2,367.0,57.77066272811502,22.296437888054538,459.25877599336394,6.205792615718048,3.221943640025773,1.5955525660951884,23.998710920527994
EXP2,R1-T2,305.0,57.876953318866136,22.253715812084764,460.6621786456871,6.20555183356858,3.133077927926273,1.5793170485719314,23.691951711818422
EXP2,R1-T2,352.0,57.541757480976834,22.717896562766985,452.7718300952706,6.201639861699231,3.20559422677029,1.648660276392134,23.59019818737886
EXP2,R1-T2,300.0,57.57649905940052,22.274431211448576,458.1740551078247,6.235804242776946,3.3253100532001945,1.6044989439569046,23.83480371355962
EXP2,R1-T2,312.0,57.63107939029072,22.571630389906556,453.2065499787953,6.20718374878587,3.2305918342700717,1.6121624487463497,23.809422508206385
EXP2,R1-T2,338.8333333333333,58.5530438462472,22.658510982941326,466.26145643581685,6.22009899812453,3.271401028864705,1.601645559635468,24.031262528184975
EXP2,R2-T2,292.0,58.4945477279836,22.724615154358467,448.29892591558036,6.215118821350474,2.327459026680209,1.1825448011921609,23.746434060347273
EXP2,R2-T2,311.0,58.81153401490757,22.30963642838334,448.4239920887282,6.158879485588498,2.2652218274925313,1.1421695258910955,24.311433172436793
EXP2,R2-T2,363.0,58.095857552482684,22.65007002125571,449.03264335483556,6.221120399003864,2.347564646616633,1.1608138367238394,23.80265480756783
EXP2,R2-T2,394.0,57.92315632319413,22.0574918053646,462.9923836032845,6.2236914567955415,2.372421072810655,1.1609437376554128,23.92518209411279
EXP2,R2-T2,408.0,58.23583205273718,22.28944944850816,453.84067054951464,6.185376527940563,2.3425969908333744,1.165621711427435,23.804468443484073
EXP2,R2-T2,346.0,58.39632310119747,22.2362721345123,451.6386756907607,6.191369416010833,2.2941614462706212,1.1950940984764111,23.885901275449132
EXP2,R2-T2,400.0,57.531030866936185,22.417254135806818,448.1237145940081,6.195848295913998,2.309685195392265,1.1747128729001548,24.33163226264909
EXP2,R2-T2,375.0,58.17261859702735,22.661370601487633,453.64012952787687,6.216598497088649,2.288400710743226,1.1632546915147242,24.290969931583568
EXP2,R2-T2,412.0,58.27383911004312,22.574015474508965,453.1730310941633,6.210487386888432,2.2593247246349155,1.160588856910464,24.071722691846016
EXP2,R2-T2,345.0,57.30890453891337,22.805696577742673,456.52863755450187,6.23007866958157,2.2761605354052468,1.1944818874579908,23.85160795848921
EXP2,R2-T2,376.0,58.03508437530753,22.39968123628914,456.34737959615376,6.2179441079463675,2.309129146297884,1.1743356571262422,24.29307333436755
EXP2,R2-T2,374.0,58.304082585713566,22.48345813767561,449.83995092399635,6.204416344424086,2.3242138706257736,1.1636990678275876,23.856656605779836
EXP2,R2-T2,366.3333333333333,58.15128853928707,21.99030989308438,442.1413388443375,6.204757999636542,2.3781860896168485,1.107863996182813,24.1284881490902
EXP2,R3-T2,377.0,57.06479069750301,22.823638811191074,452.1900751974127,6.186769346579613,2.1799055459238392,1.0773342526563707,24.43872192379444
EXP2,R3-T2,391.0,57.785438865940506,22.78405612258564,450.0447607751809,6.242685520197305,2.2282287846947444,1.0796904425619687,25.00515080120024
EXP2,R3-T2,368.0,58.147876896653365,22.179941965197823,449.18663222503227,6.243418087226714,2.0512592951570787,1.0436918459850888,24.742379113816085
EXP2,R3-T2,308.0,57.7499216602052,22.340588022370763,454.8463880298588,6.212519117111947,2.149777517043328,1.0483474973940985,24.50311620635017
EXP2,R3-T2,294.0,57.11321386012095,22.714863715112763,458.47707561843924,6.233337594372252,2.190237974320842,1.0897732972945613,24.523507382286233
EXP2,R3-T2,334.0,58.24229559463572,22.853019456376693,457.6092333108656,6.225448479450643,2.1699357664820687,1.1064054552395677,24.47486726651735
EXP2,R3-T2,353.0,58.30096026586176,22.491876147745963,454.7234355877138,6.220216639036981,2.1686481158673576,1.0969822066854074,24.39290728807126
EXP2,R3-T2,368.0,58.336226777156035,22.667316280214425,450.4667258802761,6.205210840694948,2.1459628398273494,1.0873381995753535,24.593124233327174
EXP2,R3-T2,313.0,57.49712643174139,22.43420851978802,454.6708944732058,6.2129146674203835,2.1324768256980726,1.0822928211558664,24.672858599210635
EXP2,R3-T2,348.0,58.0357033980889,22.243477669261985,448.9734571682813,6.21290848310331,2.200072591148549,1.088110156388039,24.896625908301797
EXP2,R3-T2,321.0,57.686965875484645,23.03226688550592,453.4675045865727,6.21744812668068,2.1962906075075455,1.093874682166514,24.6163142928262
EXP2,R3-T2,300.0,57.88171012796084,22.669072772992674,464.83633249033835,6.211429445325373,2.2183151462152426,1.1097440672683196,24.37008744864302
EXP2,R3-T2,339.5833333333333,58.39414987281586,22.589499908507097,457.90753956762916,6.195731376925604,2.233256212117506,1.0832899617337666,24.376880107899105
EXP1,R1-T2,279.0,57.03590934621989,19.747597273674845,460.0356399324536,5.936978430198385,1.75652081902828,0.7217968324481362,25.866952784547443
EXP1,R1-T2,219.0,56.559991408062565,19.704067016580122,454.47578360026057,5.980056566854273,1.8664664844813452,0.7219476629854328,25.750188495233907
EXP1,R1-T2,244.0,57.482905116247544,20.036526631199795,447.46886121446687,5.9270389097152,1.7942314722209975,0.7599767192461676,25.72324259221692
EXP1,R1-T2,304.0,57.24235860129554,20.06350147152673,464.988610032975,5.95137116030442,1.7218063396821965,0.6858951397047026,25.498081380531758
EXP1,R1-T2,236.0,56.21307760662572,19.912781224253393,452.15676120047283,5.970094441802371,1.790591204763702,0.7025524771070618,25.70289431474314
EXP1,R1-T2,236.0,57.553029936991635,19.90144355178736,457.45400879947323,5.990483919048126,1.8585085382791935,0.7043242888082967,25.45780084828509
EXP1,R1-T2,150.0,58.474921818369346,19.71321970857367,457.36205772165636,5.9699429248301366,1.8726265757956133,0.6954987293135527,25.95408463866233
EXP1,R1-T2,192.0,57.42621954208692,20.187038019874073,452.82064487847623,5.902898031516384,1.7616220461710295,0.7271464619357475,25.72689490838195
EXP1,R1-T2,230.0,57.719332714465416,19.766600082392614,451.86415015123004,5.934672883629875,1.7955726447912062,0.7130491441395397,25.521584807454435
EXP1,R1-T2,269.0,57.400974356316254,20.32480081541244,451.1293756851234,5.948228896678827,1.8061292582035062,0.7130955790780684,25.7628951721911
EXP1,R1-T2,281.0,57.34011047650061,20.073174606802027,459.1636718187373,5.960190857002782,1.835106867455076,0.7344560273899454,25.615133682597598
EXP1,R1-T2,229.0,57.741251284345445,19.846440014736853,461.8042929263556,5.915587149842182,1.8411175063336307,0.7611417316741459,25.42745134819028
EXP1,R2-T1,207.0,57.488406119631165,19.56062431758345,458.2854322478634,6.153993761926695,1.7766725287576566,0.7329683957193028,25.15614209820707
EXP1,R2-T1,264.0,57.79886759080316,20.01112489778308,465.65740770137927,6.13258643122617,1.744737290155696,0.7207797863276769,25.17866798925866
EXP1,R2-T1,250.0,57.19080507959579,20.15159861476439,465.97017276446417,6.1654498089188445,1.8548745437856624,0.7116625468007286,25.485954306864592
EXP1,R2-T1,275.0,58.029454352794616,19.86795142317138,451.44629453948676,6.143920023807913,1.9282419744916741,0.7474143872915515,25.079038389784404
EXP1,R2-T1,220.0,57.17316412019397,19.81423891029729,447.24261041309603,6.142191973625197,1.8171899956914845,0.7176524034006988,25.601039222373924
EXP1,R2-T1,250.0,56.854159103898404,19.884669138445087,449.8735536984668,6.171161165863385,1.8377405464526173,0.6929163859908769,25.149831205061492
EXP1,R2-T1,270.0,57.273388001092805,20.110681345252075,454.66313328491447,6.153283339999683,1.8656015035312352,0.722449442040463,25.246329938702342
EXP1,R2-T1,244.0,57.068055751198735,19.826692979650907,455.19754342618825,6.14861100775238,1.8363257554640495,0.7238647840712886,25.032894548410432
EXP1,R2-T1,282.0,56.734207404940875,19.855938951918034,449.4096170265865,6.142173138781809,1.784321836993453,0.7407885871510458,25.170427323639146
EXP1,R2-T1,202.0,56.83068568686797,19.73737197280694,458.5599726013084,6.13592015992004,1.8117070953829777,0.7073512607705319,25.557829185138058
EXP1,R2-T1,200.0,57.73350353034331,19.70983205370121,456.4586668094123,6.135684631209466,1.7825588735534508,0.7078144295191652,25.072104936950403
EXP1,R2-T1,207.0,58.037908892965575,19.773212583106496,450.9114536131585,6.157046815612346,1.7264725818810045,0.7270358629724594,25.38788602260343
EXP1,R2-T2,270.0,56.97952927878997,19.82045879331121,460.50908235917615,6.27940868890836,1.7165738582335914,0.6968792010034075,25.302780442983988
EXP1,R2-T2,292.0,57.48689645927603,19.886082485790315,468.3669998725776,6.2475143546847365,1.6829784738289852,0.7063644149039178,25.482358451978627
EXP1,R2-T2,193.0,57.77243727848325,20.242812376253283,458.65608023600004,6.262473727218479,1.8522062907197718,0.7022381454352019,25.546653716387755
EXP1,R2-T2,245.0,56.83564909964309,19.584782900693323,462.93945550417374,6.240357795112334,1.7020164668164952,0.7269915171994658,25.28673948088253
EXP1,R2-T2,287.0,57.89841361230425,19.59174025417042,452.00194138738743,6.289060287754564,1.7772822164212774,0.7079730031172806,25.275780454597452
EXP1,R2-T2,238.0,56.678112557636226,20.128060559075035,457.11512002818796,6.306255202707342,1.5573375951321193,0.7212539200090681,25.6691210465812
EXP1,R2-T2,258.0,57.37264366766292,19.88010719252816,452.9560828418267,6.274908495197003,1.7539430325037644,0.7336850234391725,25.61114854385187
EXP1,R2-T2,234.0,57.246521462425484,19.88842002798956,462.4775739797331,6.26424986347756,1.7049665021690887,0.6912039198462581,25.446455297515165
EXP1,R2-T2,235.0,57.440909754939035,20.130843820043797,459.7737252476973,6.297688002404891,1.770267989709081,0.6839664169381298,25.426277257937816
EXP1,R2-T2,273.0,57.55218304569148,19.590814484009513,458.86501345423045,6.261449598831772,1.6942299261311655,0.708375262442584,25.27967896832648
EXP1,R2-T2,254.0,58.05823475525409,19.960796483258292,460.3124500161148,6.277335369967651,1.7424217074054318,0.6986662902164833,25.750903386622625
EXP1,R2-T2,235.0,57.51595584684059,20.018830455567713,454.06195481211756,6.284242325589614,1.7239391970987377,0.7214219783472161,25.530716462957848
EXP2,R2-T1,333.0,58.436482502048975,22.36773166884175,457.8590581994561,6.236293833590013,1.787596136743367,0.8961933243953363,24.109964178666054
EXP2,R2-T1,342.0,57.33447668179846,22.4634207131744,455.1747518716207,6.244107174943113,1.7696702059740197,0.8711129400828623,24.41375844872116
EXP2,R2-T1,327.0,58.93643402322756,22.80427949887657,453.29283882292077,6.263539337045651,1.781422474124735,0.9046186849903535,24.364416881841176
EXP2,R2-T1,324.0,58.408939102825194,22.52796858643619,447.0629388743244,6.202794131125827,1.7313880802578272,0.8852020642841012,23.929641410977638
EXP2,R2-T1,280.0,57.8572301351215,22.667824779794138,453.1213644131292,6.241828603104679,1.7043131625820485,0.8698420779088571,24.565177234314284
EXP2,R2-T1,368.0,57.36095502382485,22.55019487622193,446.4382124454774,6.259475954735246,1.694745527026976,0.8827977940975203,24.42609712625051
EXP2,R2-T1,335.0,58.415885998828784,22.38259325979674,460.2019830794901,6.234779397378271,1.7848225379064222,0.8842934028115821,23.773427530401793
EXP2,R2-T1,290.0,58.11120189392495,22.55243842917368,457.61379857173824,6.249758349224173,1.7666056451682628,0.8805353290575122,24.16641112357784
EXP2,R2-T1,325.0,58.757376357502864,22.30406275873556,449.11933195226953,6.244057455615717,1.7266704932663974,0.8785533151075458,24.05466187899796
EXP2,R2-T1,347.0,58.21060004575394,22.491086364844953,452.15230781451635,6.255029669561663,1.7989219687335536,0.9023301429477605,23.980645901703216
EXP2,R2-T1,330.0,57.9545160202219,22.418598155451928,452.4969591059315,6.222068938576303,1.844194432636874,0.8713878112114597,24.146450970744528
EXP2,R2-T1,335.0,58.038463300308436,23.18091774385982,445.34864022643137,6.242314217863946,1.8543427168439588,0.8799160586533935,24.485831137183876
EXP2,R2-T1,328.0,58.525993342272834,22.54527151342764,456.09019857192624,6.260531272869949,1.8762512578523447,0.8772970337930369,24.213006288645534
EXP2,R3-T1,249.0,57.739330592463965,22.809257032547972,457.9136545449796,6.263093066907881,1.9633587961204508,0.9462259580033706,24.322915772521238
EXP2,R3-T1,309.0,57.71660238343051,22.143299514196908,447.17607116757296,6.288743976210948,1.9044315383931278,0.9620888026979332,23.840394340946904
EXP2,R3-T1,282.0,57.74609573701587,22.445491940111758,453.50033891046866,6.241307308131554,1.8772250245105628,0.9453382410966277,23.697494797441575
EXP2,R3-T1,320.0,58.64345677254886,22.245751571195914,454.2217642489462,6.289060083292328,1.8620863739714995,0.9318032416167568,24.1838109700524
EXP2,R3-T1,325.0,57.600274477667384,22.436775128129714,453.05786396969205,6.259641110969751,1.8390828657581024,0.9538849104605267,24.096074593096535
EXP2,R3-T1,311.0,57.10921991463968,22.828662470506394,453.7982980426012,6.255055207500392,1.9176217671445346,0.9531273722972402,23.968087634971575
EXP2,R3-T1,261.0,58.025784252013764,22.69542156880552,456.82389675453146,6.256114405866645,1.936595659759101,0.9664543438401486,23.918240404420224
EXP2,R3-T1,249.0,58.287586662331876,22.62161266776822,457.32660339331017,6.262798010222439,1.9378723373279323,0.9520554094444817,23.752233363175776
EXP2,R3-T1,314.0,59.014530817658034,22.331214715223727,456.0690609844998,6.259319638265525,1.9129831621753777,0.9485922450947339,23.393654690904246
EXP2,R3-T1,227.0,58.52704845347543,22.60681400719882,446.6191717719121,6.244774875249403,1.969135047373412,0.9737029757644818,24.124263259656686
EXP2,R3-T1,370.0,58.04196753527493,22.574197650282517,455.1338533614744,6.255287148853489,1.9211609283397433,0.9477392693089546,23.70997253236243
EXP2,R3-T1,287.0,58.472888870953355,22.404374483095197,451.00429239453246,6.253712005073846,1.9219993712488543,0.9617359409687137,24.22368805727451
EXP2,R3-T1,292.0,58.05845717936499,22.544581444703834,457.22543661705095,6.277896575798933,1.9953196765286643,0.9627344617471506,24.041873581290442
EXP2,R1-T2,372.0,58.905397878586335,22.37977063924474,460.14212699819683,6.22079466272766,3.268841431755297,1.578951604071594,23.78891453944026
EXP2,R1-T2,307.0,57.950545038561856,22.5744184794828,455.71241420554446,6.19293670782632,3.2338209935362845,1.5961902556639331,23.995877522654354
EXP2,R1-T2,292.0,59.16456270718716,22.318529625879318,465.36963867887357,6.200950014243935,3.185624445002615,1.5839424936566036,23.91381855077277
EXP2,R1-T2,366.0,58.28919683230886,22.54574228000898,454.14898949215797,6.217269736304928,3.289596138792223,1.629961153275687,23.722317749834147
EXP2,R1-T2,348.0,58.11958185370292,22.475631340239996,456.17473376650406,6.184916195214965,3.192071667981167,1.5905240929493387,23.634546038538407
EXP2,R1-T2,384.0,57.926985966465146,22.318762853919164,454.2381792157694,6.195090713202708,3.1869773906156884,1.6081496665894874,24.07006439718861
EXP2,R1-T2,361.0,57.512037116825894,22.611717625541644,453.8201056565675,6.202218797106479,3.1837055374965195,1.6047204457185351,24.00585933588573
EXP2,R1-T2,367.0,57.596434550820554,22.61467107847812,454.8875964058873,6.22222934516388,3.180619325710792,1.6034835831489047,23.731889162900906
EXP2,R1-T2,305.0,57.62898697141408,22.451326587391335,447.9160072599885,6.221487234338832,3.2108354574027884,1.5631744716529674,23.552923376541795
EXP2,R1-T2,352.0,58.25532755542115,22.538104134921802,451.6569383632827,6.213506809726091,3.1915867512108225,1.585076572208395,24.235831704153885
EXP2,R1-T2,300.0,58.41128256870582,22.51125406113154,454.53450717310574,6.227381833667976,3.2516560298331743,1.6046612311467199,23.55949378890089
EXP2,R1-T2,312.0,58.40454819069708,22.574684499260393,457.25860323757536,6.218229301613084,3.2686050691684443,1.6318953906167377,24.02203997490358
EXP2,R1-T2,338.8333333333333,58.07836208283818,22.6314064616073,454.06449568537306,6.199492868236511,3.2836658190619548,1.5775078196242978,24.144688239875265
EXP2,R2-T2,292.0,57.23259968505462,22.66026138165629,443.7654425903873,6.2094923000174775,2.3783214182522756,1.1552918301048207,24.133726450529682
EXP2,R2-T2,311.0,57.587276080719846,22.281236750564457,453.6061470100359,6.21221720958491,2.3242769004380994,1.1875740163397652,23.813718541835517
EXP2,R2-T2,363.0,57.83508971253292,22.632683785457793,462.16501766335966,6.2297029945064555,2.363785626534096,1.1499378655613572,24.117437528702002
EXP2,R2-T2,394.0,58.039254947802505,22.755723855122937,451.75253256737534,6.218290453393662,2.2727010945295616,1.1672357477587083,24.071198896335776
EXP2,R2-T2,408.0,58.476416116768625,22.749740136143565,451.47851043651616,6.180816831097102,2.287710704047395,1.160749638100408,23.96992142786312
EXP2,R2-T2,346.0,58.702893555940335,22.380324683375296,452.53936490766716,6.181207647285466,2.3030210009927186,1.1832175018958981,24.28093978683787
EXP2,R2-T2,400.0,57.868282706061066,22.196855247559515,457.2757023443844,6.204137156392838,2.379342605108868,1.1600841974021057,23.78573297854438
EXP2,R2-T2,375.0,59.82720448646891,22.4505327592606,460.6182404545421,6.198103738878673,2.3007656653738517,1.1885834659237626,23.712917996328148
EXP2,R2-T2,412.0,58.65803153321381,21.910540553876864,458.5863618817276,6.208147471767384,2.28802347673605,1.1774034780545894,23.86248074752202
EXP2,R2-T2,345.0,57.88229924750205,22.2953215587497,449.6409149115974,6.237662822461708,2.363563230052795,1.180564065509289,23.827338105877324
EXP2,R2-T2,376.0,58.049690880024905,22.411640152308458,462.8061153420037,6.1761746673097315,2.318109423677979,1.1366281950434343,23.895554272462068
EXP2,R2-T2,374.0,57.90445902531032,22.590748520301663,452.2635029622924,6.219777675020331,2.3713054113175267,1.1602074368506852,24.0510268088121
EXP2,R2-T2,366.3333333333333,57.39219462583668,22.828038536968798,455.69163740873483,6.202546986541179,2.326324798200943,1.132609643936817,24.076902451056398
EXP2,R3-T2,377.0,58.01260863540261,22.489525993625982,451.630072486689,6.232805311448171,2.1266373044285176,1.0599088909971357,24.616673951051343
EXP2,R3-T2,391.0,58.15367863401325,21.85382330349918,449.49893237872914,6.188783063406417,2.175564506855944,1.087198021809877,24.72112621017153
EXP2,R3-T2,368.0,57.144513378535244,22.851789482031762,453.35898204214493,6.179492741057355,2.255819456776396,1.0924703966594869,24.942225660705148
EXP2,R3-T2,308.0,59.04111777494598,22.653085954650525,455.6448039431844,6.219137101200509,2.207941055689539,1.070769231525841,24.414526042284148
EXP2,R3-T2,294.0,56.54828146905101,22.462557585872926,459.8212141533912,6.21944197141313,2.131693764985799,1.0956986644400326,24.552289292751723
EXP2,R3-T2,334.0,58.441101637010114,22.39656633359814,446.8210226254104,6.215784035444574,2.245028558845637,1.0335557702991272,24.403402514737348
EXP2,R3-T2,353.0,58.50580253712613,22.87866364714727,456.16644641707063,6.2067598884743305,2.193753403163097,1.0784064466395473,24.488375753596763
EXP2,R3-T2,368.0,58.223798367006836,22.378245003261195,450.78161287524875,6.237037979573462,2.1526324283783347,1.0816511755421772,24.808920598039855
EXP2,R3-T2,313.0,57.2814907004267,22.517225478633716,462.5656295896103,6.210188907212258,2.207582174211819,1.0704748319026733,24.59695792049355
EXP2,R3-T2,348.0,58.71849545093697,22.200387382666136,453.508424720512,6.222016368645162,2.1427290584554664,1.0808319539561975,24.541656663967046
EXP2,R3-T2,321.0,57.46129932085231,22.696775152993965,456.98759304404956,6.2288095609863126,2.147335151418096,1.1202498353954158,24.69218484826593
EXP2,R3-T2,300.0,58.08403873551563,22.88630858118105,448.12571209772005,6.249415480439174,2.2170182873427797,1.093211074743961,24.810210568169797
EXP2,R3-T2,339.5833333333333,57.87212470821445,22.43072415253503,454.68041275610403,6.248503495175462,2.1561538818319566,1.0985689992618906,24.716065225902117
EXP1,R1-T2,279.0,57.36065300631993,19.713681236145877,452.55608299732705,5.949514814736017,1.7520614578143239,0.7092564991112199,25.755314637886663
EXP1,R1-T2,219.0,56.916966442251734,20.068154809838283,454.48168199887584,5.9348581629066715,1.8540714105811271,0.7136432644114786,26.074760586942134
EXP1,R1-T2,244.0,56.95034459751461,19.87764053465991,457.41882328482075,5.930056515554951,1.7668741852797174,0.7407776040677806,25.477178786085148
EXP1,R1-T2,304.0,57.592919055473665,19.7974903626751,459.07100160449494,5.919576545462334,1.7947862179023548,0.7066253608367896,25.959633733037247
EXP1,R1-T2,236.0,57.44550357465997,20.17174548662208,463.43208137854066,5.904219666285912,1.817726873363275,0.7327238430821846,25.78263729470204
EXP1,R1-T2,236.0,58.505619617609575,19.756285753671115,458.22090339479485,5.925468311494976,1.883309871395706,0.7082489919370393,25.8809839668266
EXP1,R1-T2,150.0,57.41534067299932,20.078525574966744,463.90858432202424,5.950538757934832,1.7902015262922677,0.7148319556240739,25.724349987563574
EXP1,R1-T2,192.0,57.87313655851441,19.930387100283646,449.4908953882517,5.90617332769522,1.8294304754605548,0.7208959578067103,25.980516707619387
EXP1,R1-T2,230.0,57.92128570326715,20.25247058342262,463.3086928037819,5.941604014723908,1.7727232651455471,0.6919954426392624,25.73617904508764
EXP1,R1-T2,269.0,56.74961336551965,20.025212467678095,458.0710061196392,5.935400457852704,1.7730145240401654,0.723669527167539,25.957544304773254
EXP1,R1-T2,281.0,57.236288426180906,19.555712934497926,456.97598853526455,5.933665105911363,1.6690656655064484,0.7485778086944705,25.62802304637477
EXP1,R1-T2,229.0,57.390190170325425,19.676695619736986,457.40088893364344,5.92439738459436,1.7471150734257108,0.7488520631691731,25.54832911718317
EXP1,R2-T1,207.0,58.14678372848253,20.072009826004795,455.06581412515175,6.134678662715335,1.8007872865225178,0.7064876508171153,25.500597451594096
EXP1,R2-T1,264.0,58.54537066660461,19.74338656867989,461.134971287137,6.12906580336601,1.859898662781939,0.743907117468689,24.987361273370663
EXP1,R2-T1,250.0,57.97835403545848,19.991726597515203,458.3350284899448,6.14618725144042,1.7827284151604255,0.7070149238392748,25.23377056657734
EXP1,R2-T1,275.0,57.0482690006353,20.19309684198982,455.37213956415087,6.150415308332139,1.8866701339148557,0.7036614108456162,25.152764676881336
EXP1,R2-T1,220.0,57.224647281639136,19.806745161397917,457.9179821537924,6.122087375458812,1.8552037322673431,0.716607304985422,24.966138337476334
EXP1,R2-T1,250.0,57.36523272276889,19.55749664717777,465.20851677413805,6.184106109716874,1.8131169939614868,0.7660980233799705,25.447274829873304
EXP1,R2-T1,270.0,57.77083117147071,20.015866454617992,448.02263562426316,6.141529997276482,1.868852048164498,0.7495064945898477,25.25501904376309
EXP1,R2-T1,244.0,57.58056503509431,19.845871969371835,452.51130915408964,6.170059338580583,1.8356622001262293,0.7428008092636132,25.14376464980554
EXP1,R2-T1,282.0,56.95337414750511,20.190113366816632,451.28860866847094,6.152318386536469,1.846124324546871,0.7430549063564771,25.050757893248242
EXP1,R2-T1,202.0,56.72599515357171,19.948917263949024,456.0093269106264,6.118890466995282,1.8009076364811991,0.7503674106940373,25.629521304649515
EXP1,R2-T1,200.0,58.385916659540605,19.75501708706556,451.43996366117807,6.177815121023425,1.8624812433134663,0.7138169318826566,24.664243417802844
EXP1,R2-T1,207.0,56.87647497575865,19.991279332383296,467.42237599978944,6.143422502203058,1.810497873332148,0.710893265952571,25.32131008663158
EXP1,R2-T2,270.0,58.55857964026503,19.838836367640226,459.3572641890669,6.315745591717547,1.7600208014942564,0.7376166906292899,25.22339353225487
EXP1,R2-T2,292.0,56.92869377698339,19.94133513989485,464.2794295920814,6.27430230959929,1.789994595188484,0.7254757439136822,25.217880913172987
EXP1,R2-T2,193.0,57.088364633561504,19.975753202186375,455.98751958321117,6.290270820790222,1.7587382794164692,0.6836646639431887,25.482705933321256
EXP1,R2-T2,245.0,57.79341866059728,19.495354336793405,471.19192344321004,6.2568320000574955,1.6720510968271642,0.707224191488979,25.667518438333975
EXP1,R2-T2,287.0,57.404093892438915,19.968541506766666,445.0616103925937,6.264055723053221,1.819182708345659,0.7437226982470233,25.717656424155948
EXP1,R2-T2,238.0,57.661282725849254,19.95565899838308,456.1621424874361,6.274856156530067,1.8088017702383434,0.7344908269706546,25.53894070191978
EXP1,R2-T2,258.0,56.64757561437821,19.982471894086,452.41388804872173,6.295995783496647,1.7750722553393985,0.7158069657287509,25.65184777357043
EXP1,R2-T2,234.0,57.388443275615316,20.49619283346464,451.4111214813536,6.262859470134063,1.7689655381399212,0.6941988737311566,25.615135216771296
EXP1,R2-T2,235.0,57.34920690442139,19.636686185843825,454.1160223083754,6.271122245791422,1.770329053603145,0.7200685762171503,25.729852694320286
EXP1,R2-T2,273.0,56.43771729693666,20.2559769792348,452.53206343371835,6.288249469875883,1.7893860128766828,0.7092623475715157,25.18184530657571
EXP1,R2-T2,254.0,57.273408324834826,19.708221811508132,462.9287311619007,6.256856329022749,1.804593178399922,0.6968167401051085,25.263373100161687
EXP1,R2-T2,235.0,57.32694541967873,20.068140885276563,447.5916750423161,6.286640347250637,1.7763595166493005,0.6993596078484972,25.461183154234714
EXP2,R2-T1,333.0,57.96642792215362,22.097085082871924,460.3373616861646,6.23033725970223,1.7554407524536382,0.8960774562186642,24.270264341649195
EXP2,R2-T1,342.0,58.441672112049176,22.34013995742583,453.75011711345655,6.210863066773381,1.7495799556359428,0.8696419724084163,24.04679618895191
EXP2,R2-T1,327.0,58.88203932840968,22.635549470614304,451.0351733384485,6.211400664952172,1.6494415556065773,0.8753702273754599,23.77964784981895
EXP2,R2-T1,324.0,57.570268530196245,22.96547860879813,452.0411138035104,6.224898931969606,1.811779227274166,0.9106689414375067,24.13238057015281
EXP2,R2-T1,280.0,58.29052938724064,22.77427781064012,455.9784524845161,6.2024662990753034,1.8720181378388516,0.8761705678957111,24.009877826312184
EXP2,R2-T1,368.0,57.28656111098632,22.57945479069625,450.3321412185948,6.288972583494498,1.7062720673167746,0.8756306787594206,24.3916150919549
EXP2,R2-T1,335.0,58.19640289683002,22.35891729065237,456.36651956865336,6.248039379770831,1.7821109643919182,0.883813824845356,23.966882614712784
EXP2,R2-T1,290.0,58.127489088289266,22.77119103567494,456.0712020637527,6.252928835599132,1.6877956032427677,0.8720306165553177,24.080575982390673
EXP2,R2-T1,325.0,58.039294646603764,22.358902968905088,447.1992545450381,6.242266793849735,1.7244547750711579,0.8957143120832242,24.353394428810333
EXP2,R2-T1,347.0,58.30623248959565,22.857577546795692,452.296417620771,6.254787050913235,1.7419991180135912,0.9052215437240099,24.27803437050648
EXP2,R2-T1,330.0,57.6171165005637,22.199454203191905,455.2437737033153,6.201604777456251,1.7406059889805805,0.8867135076549675,24.2481046480632
EXP2,R2-T1,335.0,58.86812965628311,22.16266553349728,444.22906210876124,6.248524278609874,1.8026737620381938,0.8528431766565423,24.141017173591734
EXP2,R2-T1,328.0,57.62882951065749,22.638465530628135,449.8796623511214,6.235999697765153,1.714064709753334,0.852219594233827,24.429040829009352
EXP2,R3-T1,249.0,58.04601426150409,22.398727042202726,457.01795797396244,6.285458211785871,1.8828648582176086,0.951595364087349,23.906740949387796
EXP2,R3-T1,309.0,58.0167743237039,22.05030711629686,455.4817306966024,6.266356923288632,1.9224351543547076,0.9694201110020211,23.974040922006107
EXP2,R3-T1,282.0,58.57278124203564,22.429521162678057,454.61520651675045,6.250208736074371,1.9571326714621957,0.9412059140905067,24.029131956657128
EXP2,R3-T1,320.0,58.44293683903417,22.601881485320572,449.3670492688108,6.282324259203482,1.9263717348393978,0.9855395451051184,23.78811850941114
EXP2,R3-T1,325.0,57.51120390291828,22.528814553223043,454.2178602838269,6.2715901658629205,1.9258223877577787,0.9444886962876663,24.23037779476532
EXP2,R3-T1,311.0,58.2492260987009,22.460411241561527,457.1796061466474,6.248678867169379,1.8874730556444486,0.9651863265079462,23.72327627719257
EXP2,R3-T1,261.0,57.92428545484165,22.42982890800277,458.2727339107796,6.295930678789513,1.889446697208806,0.9654793581086156,23.96977879741001
EXP2,R3-T1,249.0,57.86862832704508,22.274766013122335,454.06571109474845,6.228613126277359,1.9084368703977292,0.944694980718699,23.931191845921266
EXP2,R3-T1,314.0,57.9559978266732,22.445293222141395,454.06518042170694,6.245006472339854,1.8609911248478384,0.9690958841576292,24.049276614333824
EXP2,R3-T1,227.0,57.507303813366576,22.079465053985718,453.4109359294998,6.24767080002972,1.913755676410628,0.9407835853992431,23.241779181253435
EXP2,R3-T1,370.0,57.22421527598403,22.40627890535944,456.7424633531804,6.253521486198129,1.9520339740210142,0.9510796948789932,24.03314128651716
EXP2,R3-T1,287.0,57.33927546963288,22.542522539783697,459.57734571572047,6.254499359776813,1.888558329498676,0.947168752301713,23.705510759023284
EXP2,R3-T1,292.0,57.43984414508923,22.610982035396336,444.4774664157183,6.238588627213918,1.8590007041542398,0.9974225713072092,23.618415456440758
EXP2,R1-T2,372.0,57.58508955964179,22.370091196028035,451.06852990655915,6.236910571790276,3.247557864333324,1.6197062038008674,23.703173451070704
EXP2,R1-T2,307.0,57.6072137992874,22.811586778025525,446.06659913695074,6.195704360193064,3.2301320432817024,1.5862263516684028,23.862202510476987
EXP2,R1-T2,292.0,59.030877024592456,22.331194594688505,460.415921318654,6.16386142834086,3.2379928744395814,1.5815290125226913,23.790707907887317
EXP2,R1-T2,366.0,57.542289834592324,22.445926781144365,455.5489634180022,6.197652885185452,3.1618014581650495,1.5979976314445268,24.19593266793156
EXP2,R1-T2,348.0,58.53467539659784,22.5522289113459,456.65182216572595,6.220839532929912,3.1716427935537763,1.609962687678601,23.703769901242133
EXP2,R1-T2,384.0,57.855501498462004,22.073430311683566,462.75433969827276,6.1865709265532836,3.2031350035968362,1.602981076713299,23.916403819538523
EXP2,R1-T2,361.0,57.138573806278096,22.514984447690146,454.96285405316,6.219470653435313,3.192504269793917,1.5980677983379947,23.68174727382842
EXP2,R1-T2,367.0,58.66872213824794,22.630125231949737,451.4382058009677,6.208934480597237,3.262696881873512,1.6472770102724552,23.645938274192027
EXP2,R1-T2,305.0,57.6030642945135,22.468607239297242,452.32130705759783,6.225842479795959,3.2196913348708924,1.5868557661560894,23.686986617828097
EXP2,R1-T2,352.0,58.004272669633544,22.441187774880724,457.1366049124151,6.19578219459685,3.2010040979799816,1.644058002012951,24.27999426592013
EXP2,R1-T2,300.0,57.667822653905894,22.581673934423993,449.2943969003718,6.213364952870386,3.2223033570269632,1.5664530898703488,23.296392186375527
EXP2,R1-T2,312.0,57.56964149114527,22.778574593470392,448.73134209985517,6.207659046046006,3.1544546097800357,1.6452427628133588,23.48604749484941
EXP2,R1-T2,338.8333333333333,58.48533235448095,22.205084771768746,457.47452410296876,6.193245501426826,3.2412298186638986,1.614579994314961,24.002264321341443
EXP2,R2-T2,292.0,58.16218381330614,22.525529272960135,453.3338572127448,6.1831024591262675,2.246113527658061,1.1568840190768217,24.010232086091683
EXP2,R2-T2,311.0,57.34948787766457,22.466076150854946,451.3017075646692,6.228297236390037,2.325608450509829,1.1285864074381988,23.98686587853485
EXP2,R2-T2,363.0,58.348620196108655,22.595355409584922,458.35847877199444,6.201910104580826,2.4224604293889347,1.1896864411753607,23.50799799544804
EXP2,R2-T2,394.0,57.512645714356196,22.630802816541085,465.5908163683688,6.198038555950312,2.3474660359379813,1.1685800447779928,24.221957608593023
EXP2,R2-T2,408.0,58.55740874095371,22.706583266028648,447.3293389990023,6.211239952423473,2.426871311724282,1.1969930668986317,23.67035983961357
EXP2,R2-T2,346.0,58.49397048322883,22.47218085949179,462.2493364615743,6.193571860644272,2.3746255088048085,1.1526321275979394,23.752356328033493
EXP2,R2-T2,400.0,58.1899649956144,22.592501381267788,455.8676418232449,6.198795245349948,2.37757332892666,1.1842467056403563,23.92264257413052
EXP2,R2-T2,375.0,58.19098107297109,22.526981995955804,455.971270532751,6.205131958434489,2.2632350053341557,1.2014725480139594,23.65517581759889
EXP2,R2-T2,412.0,58.80834687900227,22.715233022067075,448.29823000950023,6.173617575987807,2.3753912066318956,1.1931227298583236,24.087178000275514
EXP2,R2-T2,345.0,57.59956511826236,22.337377712922226,455.66056219324605,6.209099022543526,2.2952775100041576,1.1539929737739303,23.628763773604764
EXP2,R2-T2,376.0,57.8689290472688,22.57064741583663,453.7863612630666,6.199610708687202,2.324566420474269,1.1577612820056387,24.2589846005707
EXP2,R2-T2,374.0,58.546137177022,22.608102420685377,470.7796102054645,6.194529854236369,2.3619993984228906,1.1650091037438648,23.84403603558773
EXP2,R2-T2,366.3333333333333,58.20750264121505,22.456523593237886,461.0831298659872,6.204534773147123,2.3085968714774148,1.1440290646996023,23.665957352086906
EXP2,R3-T2,377.0,58.228405638361885,22.579836073170057,454.92478986650207,6.209420134452811,2.1605440400055858,1.0626337926045584,24.652247428822033
EXP2,R3-T2,391.0,57.01493023926747,22.701401688834355,455.1906478978408,6.260483596964174,2.1530496067123215,1.051422222416239,24.664994906369145
EXP2,R3-T2,368.0,57.88787435693701,22.848998490466567,457.40915409765785,6.2244269549663676,2.1959943858174427,1.093157996566851,24.600604199101046
EXP2,R3-T2,308.0,57.873422648991216,22.826078824322497,456.6552229654255,6.208482047344065,2.1479505192076704,1.089374119487321,24.350266190405573
EXP2,R3-T2,294.0,58.416986406262275,22.804056821265,462.10593945855607,6.187506789164698,2.175824759541535,1.0966698659754508,24.687442265854596
EXP2,R3-T2,334.0,57.76547431027776,22.297925610277545,455.2176542127501,6.230328948261551,2.143080758559885,1.0904233098123826,24.839151882759516
EXP2,R3-T2,353.0,57.21410999277258,22.68403040478444,452.5771136061297,6.2270054423134775,2.2078974918073517,1.0748247559549438,24.613795330940324
EXP2,R3-T2,368.0,58.14558287282851,22.56118801261794,460.60426317693805,6.2094408666510486,2.195826199065153,1.0910810927410304,24.886665918236265
EXP2,R3-T2,313.0,57.8074523261463,22.862956869251178,458.85030661454357,6.255258247656062,2.1624566405623318,1.0739465786729865,24.500921053130423
EXP2,R3-T2,348.0,56.81998920885942,22.53200303307645,455.5344304840499,6.206411474103692,2.204167621440226,1.054038383585858,24.70464037661135
EXP2,R3-T2,321.0,57.89039358531804,22.35413499826588,453.7752365939548,6.2036186861982925,2.1495192755233994,1.0848017466316868,24.557939891562157
EXP2,R3-T2,300.0,58.61272871873952,22.67676460748799,451.0403629964753,6.179664713649139,2.1694782478905688,1.121682389278912,24.46670316887479
EXP2,R3-T2,339.5833333333333,56.6956054228168,22.355539449873618,457.7841029754328,6.189187079484891,2.1330194072475375,1.118543233068633,24.68075020329607
EXP1,R1-T2,279.0,56.93068074765971,19.967783089366655,451.04900989579545,5.944983250935754,1.8665327940083165,0.760721871475744,25.809271484391516
EXP1,R1-T2,219.0,57.31925874225098,19.71392395981536,460.21574695448453,5.937071237113375,1.773544006458921,0.6861933695918448,26.116159130341
EXP1,R1-T2,244.0,57.27621216542993,20.218462134081232,451.3596491172812,5.914014568896734,1.7323092757575544,0.7230888406163863,25.774314715900942
EXP1,R1-T2,304.0,57.78614033119064,19.76777406686359,454.7286189767862,5.952799211875766,1.8246958675282672,0.696395123159402,25.928605118677293
EXP1,R1-T2,236.0,58.34879933222407,19.930608860036745,455.36291523134315,5.993514784140295,1.7038950696680395,0.732966433106388,26.02584494580098
EXP1,R1-T2,236.0,57.087768960694504,20.078693993849853,454.89008384433544,5.962059599634064,1.747701378723305,0.7335852161815158,25.963708364139364
EXP1,R1-T2,150.0,57.22335255010937,20.020505968124755,457.4336760665983,5.943115380252458,1.8445043984903342,0.7088935427385162,25.82053873266843
EXP1,R1-T2,192.0,57.71677538503609,20.01821980081369,456.83220288822946,5.935967101906535,1.7245125532062486,0.7349231280975124,26.13542146820058
EXP1,R1-T2,230.0,58.049890186744626,20.10992903292308,460.63322186517684,5.951759906592026,1.8349078249716237,0.7310588611885466,25.90361130758681
EXP1,R1-T2,269.0,57.52474644537555,19.815933778159813,452.69690616288875,5.957647662811783,1.8356968387542103,0.7067463405383518,25.70911855698959
EXP1,R1-T2,281.0,57.20639502905676,20.109913977230192,449.8686399825595,5.954788659367686,1.8353626064878084,0.7188697721663391,25.853065543574306
EXP1,R1-T2,229.0,57.60840109105092,20.00729264601709,450.5344484867738,5.941782407696736,1.7878119993278174,0.7423311342485907,25.964051277545295
EXP1,R2-T1,207.0,57.01420615700549,19.81289532673533,449.44496459216407,6.134188755743293,1.7945119734573616,0.7441060653058243,25.581184021587376
EXP1,R2-T1,264.0,57.29530588166741,19.890182357511915,458.3563259420944,6.115279727780106,1.7188854902619943,0.722582489553481,25.250482374265616
EXP1,R2-T1,250.0,57.429259597637824,19.9935028051392,463.0342867902804,6.157250376976267,1.716587846303842,0.7142934023936268,25.56063426472671
EXP1,R2-T1,275.0,58.52708663547478,20.125639912670096,459.901993263709,6.135206574649753,1.7211770464000002,0.7416771307388266,25.22302239741801
EXP1,R2-T1,220.0,58.031569357536625,19.703419685456936,463.5044559037077,6.168222214620362,1.8217046757596467,0.7124772789516198,24.973154886580325
EXP1,R2-T1,250.0,57.95573104783336,19.73281292702062,451.63837583002766,6.157093564716688,1.9050569100764176,0.735228566977098,25.028434351374
EXP1,R2-T1,270.0,57.34546178705886,19.644547737135436,453.5813992104281,6.165303735727874,1.7535995572173704,0.7290723823754007,25.079497887833874
EXP1,R2-T1,244.0,56.82713017112657,20.025124061952777,458.87023106224706,6.138238282368895,1.801907768224261,0.7139236182528987,25.088900899570625
EXP1,R2-T1,282.0,57.783975783978825,20.00739316556262,448.45240946947973,6.140720381599867,1.8971494582180053,0.7257434210975453,25.176541897035854
EXP1,R2-T1,202.0,57.77352334559948,19.83771707493848,451.43770575541873,6.147149234079664,1.9356781617167822,0.7293557075363968,25.468679187266925
EXP1,R2-T1,200.0,57.91445292124628,20.16225330364104,455.05834259049635,6.157586455866633,1.8224841620903067,0.7191762933079736,25.125898145168033
EXP1,R2-T1,207.0,57.40240904593778,19.726566174052635,453.6531455019228,6.126971412623281,1.9180277220227961,0.7439195024591821,25.045955496934926
EXP1,R2-T2,270.0,57.72390184555142,20.158968929622485,447.2198347451543,6.297632249259554,1.7280760806335023,0.720123724358942,25.64969931139196
EXP1,R2-T2,292.0,56.82742850823623,20.276115678069388,458.7679232026875,6.276726091525268,1.7161419297628755,0.7342050264851127,25.422862468736415
EXP1,R2-T2,193.0,56.7554748061473,20.31033105601091,457.81157495302466,6.288420323294252,1.694174060325442,0.7055472169264612,25.462385263059165
EXP1,R2-T2,245.0,57.6779920475571,20.17642269030146,462.0838552488962,6.292987028563152,1.7145536706071418,0.6804133769086762,25.589331634773064
EXP1,R2-T2,287.0,57.80988878037216,20.088893123200066,460.41934390446573,6.285349527375583,1.641513289826751,0.6860329110973999,25.490645998176728
EXP1,R2-T2,238.0,56.87729898177281,19.419210845279938,458.72656248654977,6.274830831493037,1.7459748780127806,0.7309467944220447,25.503839639340285
EXP1,R2-T2,258.0,56.34575869362577,20.029666768912186,455.5144865956202,6.2716653399008155,1.7128499808169475,0.6989594748382588,25.718976674774186
EXP1,R2-T2,234.0,57.632685594326915,20.0717997491065,455.81498290753296,6.2766554892507385,1.684280147228509,0.7094655221855951,25.61145155673793
EXP1,R2-T2,235.0,57.81114880552409,20.024821394970946,460.4902176319564,6.278285692357834,1.7968808700969654,0.7009435149641199,25.503117978130927
EXP1,R2-T2,273.0,57.7934489779598,20.169698306910238,459.6959716489477,6.220960695909686,1.8119071907764963,0.7122567696999825,25.46749480297551
EXP1,R2-T2,254.0,57.38663329675159,20.117782115961962,460.2175543764994,6.268984836921245,1.7585343821412334,0.7114828198797852,25.8881051193857
EXP1,R2-T2,235.0,57.11359728181997,19.97143611862991,451.7918684020188,6.277100861222556,1.7094769289074687,0.7039392083636462,25.644243043781646
EXP2,R2-T1,333.0,58.18594302170397,22.535647388316356,452.49536564305026,6.23600724257252,1.6777742476425952,0.878807391559964,24.317793443986737
EXP2,R2-T1,342.0,57.88634973258834,22.5845859933976,455.70590907936804,6.252475929833455,1.7670105261882851,0.8446322291757928,24.658614302058137
EXP2,R2-T1,327.0,56.772494351250415,22.41394509451418,464.72020999139784,6.249713323464316,1.8565849943700112,0.8994257429533928,24.257952257266894
EXP2,R2-T1,324.0,59.13853679918307,22.41681311079876,451.7194284573463,6.19820617093184,1.7904634614166492,0.8815338105175675,24.246424030148304
EXP2,R2-T1,280.0,57.722397029774214,22.633706304569824,456.738060195858,6.247983997070796,1.7474468734821218,0.8851753311111211,24.56120028712439
EXP2,R2-T1,368.0,58.34895646731722,22.271988441981623,452.4884424048529,6.229822420714594,1.7959016665714236,0.8984351757119848,24.063947047476162
EXP2,R2-T1,335.0,58.498641677731776,22.392463892153827,446.3659645739239,6.228935156885363,1.752285362147398,0.8823179157519367,24.21498035821695
EXP2,R2-T1,290.0,57.90281866740764,22.418538849026653,461.5911344768494,6.275159689917751,1.7334736936008057,0.8999052535713701,24.31981761405367
EXP2,R2-T1,325.0,56.61708333667912,22.28758182818132,448.7899268749505,6.243041095112391,1.8018748703965477,0.8866250281941696,24.253089012835932
EXP2,R2-T1,347.0,58.41064266352615,22.756505663562606,453.12874094798394,6.240735447561963,1.7311141149050238,0.8720276458774685,24.08792279780312
EXP2,R2-T1,330.0,57.47914098537042,22.471571889923553,445.3470774048151,6.212559104815555,1.8204450883514556,0.8682009403623565,24.345977941009338
EXP2,R2-T1,335.0,58.008812634171,22.73857920931924,449.82841986228175,6.210899648902809,1.7122676561392691,0.8707051814435395,24.40806395299204
EXP2,R2-T1,328.0,58.12269198793737,22.558538408766914,458.32554370498514,6.228142974951584,1.7849334953656297,0.8602858871395784,24.45212894644012
EXP2,R3-T1,249.0,57.656463174926586,22.52156271919466,454.02477250437516,6.249035706460183,1.8917243352650925,0.9577499662924234,23.71765739003076
EXP2,R3-T1,309.0,57.90705700014684,22.528954902572764,459.0880356626923,6.309393396953453,1.9533954073214852,0.9523341268902279,23.607284682315214
EXP2,R3-T1,282.0,57.78472232567459,22.88179847038668,452.0524473118218,6.292494272875356,1.8826035642627124,0.9500172558757224,23.81922792294458
EXP2,R3-T1,320.0,58.521252591136246,22.382931810490224,463.29362967428756,6.2704448563762885,1.9938020273265944,0.9506798715022183,23.96656599593761
EXP2,R3-T1,325.0,57.45428895343313,22.575648749611908,462.21525119906084,6.266870925822552,1.9060065576688818,1.0109269646730419,23.76766520933811
EXP2,R3-T1,311.0,57.63207399096615,22.670852835606325,452.9155959265723,6.279191879314138,1.9243280560324818,0.9738323787154237,23.826368099111416
EXP2,R3-T1,261.0,57.36946097551166,22.264217907748876,461.6235743347474,6.248182271366699,1.7702997167268495,0.9492459165172705,24.040019671220524
EXP2,R3-T1,249.0,58.57348186683505,22.733271237050698,451.5160190577427,6.266279556447682,1.8999919108493537,0.9423812873180714,23.889054941675354
EXP2,R3-T1,314.0,57.92277356675659,22.6437978267793,459.4288805869337,6.248366142239857,1.8759018028526744,0.9367438946937008,23.935255087968233
EXP2,R3-T1,227.0,57.72274593865388,22.790167232866697,455.2508746396996,6.281077355561584,1.9444545666796387,0.9596885772964304,23.574395106475666
EXP2,R3-T1,370.0,58.18222807496128,22.48407217102191,450.1932120878765,6.251040859540741,1.9950708370635528,0.9204284146752474,23.778122963258152
EXP2,R3-T1,287.0,58.17859039227419,22.319848860782923,463.8829683385802,6.2744496651843695,1.9539434644892262,0.9516970553267144,23.6105569641521
EXP2,R3-T1,292.0,58.01846320577399,22.642273589109095,445.43723597990737,6.2431949975685335,1.781672690356705,0.9322114112007351,23.66234043173579
EXP2,R1-T2,372.0,58.95109336188196,22.119395708911142,454.10125621484093,6.205363212656362,3.2342495997304486,1.5764982101615288,23.76596109626917
EXP2,R1-T2,307.0,57.94921459969898,22.33625203058727,465.12196868448706,6.198162861386962,3.256735752792976,1.6290154911210262,23.84490590777641
EXP2,R1-T2,292.0,58.12873526764622,22.88904378471295,447.1801456198943,6.220641792998064,3.221046082086442,1.6011016941166143,23.785467238969066
EXP2,R1-T2,366.0,57.62797044333707,22.455806439021444,451.53952472449396,6.203910460706909,3.150810338374099,1.5837005752785684,23.926277339053833
EXP2,R1-T2,348.0,58.7973779877624,22.74197941468345,450.9626983376972,6.189779903491208,3.201950899526782,1.593149975829807,23.495423971424596
EXP2,R1-T2,384.0,58.07981098968139,22.42048409146289,453.80561615031434,6.2089355692189585,3.2047535939369474,1.6403161212199897,23.975924709773537
EXP2,R1-T2,361.0,57.593484671057816,22.319569169125767,455.6651788024987,6.203232429855616,3.2317417689262813,1.6260586407798916,23.81088281694209
EXP2,R1-T2,367.0,58.30413273416134,22.635537938844386,454.9221803041249,6.190747917733038,3.224794152998413,1.609388322430914,23.957792601650173
EXP2,R1-T2,305.0,57.50311079450351,22.05545871853446,461.82618329573205,6.207582228082752,3.231545254372043,1.6077161573362988,23.783686421630822
EXP2,R1-T2,352.0,58.189702525005835,22.20975274521498,447.98324797860033,6.2275341050255015,3.1902851339692435,1.5826200034518838,24.017831292287426
EXP2,R1-T2,300.0,57.73061398331123,22.36494091725377,453.4940057519717,6.213953007075361,3.2634404838948603,1.6572470632272152,23.86561876535759
EXP2,R1-T2,312.0,58.46343626162277,22.281469011122223,454.98595039299727,6.226386249594551,3.24994811925115,1.5860837211443735,24.043154713093546
EXP2,R1-T2,338.8333333333333,58.254962552988225,22.79734531215934,446.63602421351476,6.231055284514033,3.2548003347106285,1.61260013713514,23.699025870041872
EXP2,R2-T2,292.0,58.61999886355134,22.177775697823318,451.91016047771683,6.222265346590766,2.3353378368360067,1.1845088701202064,24.01905197106167
EXP2,R2-T2,311.0,58.01621829020797,22.196645007888076,447.24879538916264,6.194110164791884,2.299493574489907,1.146708364902947,23.809572610662777
EXP2,R2-T2,363.0,58.25414748305658,22.460655593004574,447.8412829887026,6.220580734260659,2.301020459332203,1.1681243133626136,23.98424126455199
EXP2,R2-T2,394.0,58.54939160913892,22.387684571679003,448.39688622677875,6.199750485389795,2.3171378640340374,1.1900968370660663,23.814432346942308
EXP2,R2-T2,408.0,57.54756416988851,22.79920603702365,453.43910976669633,6.208950833276299,2.4062111600880165,1.1424675490474991,23.827583384304948
EXP2,R2-T2,346.0,58.32139723783566,22.500214309603674,459.96603846944697,6.2588974791187235,2.373026516588849,1.1661704677870575,23.81961466737191
EXP2,R2-T2,400.0,58.418715091255685,22.765816145979713,453.75198243519907,6.19371014271744,2.3246538325375723,1.1789185200728163,23.66383658968938
EXP2,R2-T2,375.0,58.21640740353445,22.278411888631897,456.5533195102469,6.187584305369192,2.3171216727911275,1.1986965926757682,23.974665923911704
EXP2,R2-T2,412.0,59.28314659932547,22.300257529987846,450.9603627116391,6.249525423424036,2.4678264290096417,1.1677239282278922,24.200915430130298
EXP2,R2-T2,345.0,58.417544407038264,22.569905259662235,453.2067161425366,6.2154931808878455,2.297708636663036,1.1812299301434832,24.006793073451668
EXP2,R2-T2,376.0,58.11254338905623,22.4467600028413,447.91961969627346,6.2126753078121135,2.3675370063264247,1.1493449263841269,24.169484714910002
EXP2,R2-T2,374.0,57.67974586208614,22.42802865759098,448.88426112697135,6.1982058531660815,2.3769736697069264,1.1752147417711465,24.565307987585467
EXP2,R2-T2,366.3333333333333,57.42351697407755,22.38067849673494,450.2046044074677,6.243368438527735,2.3657811227465713,1.1590309062935273,23.52387208268143
EXP2,R3-T2,377.0,57.449526533991374,22.500311873275614,453.29718691418,6.2087616475645016,2.158195151704276,1.0811041866700022,24.562703022579417
EXP2,R3-T2,391.0,58.30113039886408,22.46278863869818,449.75048629192094,6.204658777608654,2.166504852917308,1.0678030091677462,24.71060671680841
EXP2,R3-T2,368.0,57.93909493477067,22.512194602411487,453.70908727912973,6.228389715856805,2.142754186072552,1.0803998659443903,24.77659336508513
EXP2,R3-T2,308.0,57.22799300335552,22.920243680966227,456.25352951456847,6.22970093229795,2.076247883704754,1.0822577756094307,24.445174042094234
EXP2,R3-T2,294.0,57.6060713927628,22.515305030477005,457.0936636003221,6.235599084276415,2.219479691298307,1.0800392622070976,24.62258510316931
EXP2,R3-T2,334.0,57.278713429561535,22.563740958202565,456.31995646958404,6.214523653327157,2.184494669140581,1.1245940786319124,24.68758148157584
EXP2,R3-T2,353.0,58.22395738583152,22.379101670710078,450.21872147718386,6.204570618939822,2.1996262217394724,1.0781889944150245,24.506875778202566
EXP2,R3-T2,368.0,57.222263187437015,21.99226409516673,452.03285297295616,6.2050580498825685,2.130322721532974,1.092262859030439,24.860868746099865
EXP2,R3-T2,313.0,58.112185627388435,22.394500573753554,454.4915356474638,6.241632702852983,2.2416979437460647,1.0798864360109117,24.876845485492087
EXP2,R3-T2,348.0,57.20308763292749,22.455490008557994,470.83088487342553,6.213530912683434,2.1341859134937167,1.05506300564435,24.434906266305905
EXP2,R3-T2,321.0,58.47808162923779,22.242137169115082,448.4995361396712,6.2033640697881465,2.1639335822749217,1.0682049101890605,24.81480186780182
EXP2,R3-T2,300.0,57.793722032763064,22.76277058033032,457.66605987617754,6.2598327181080196,2.155028205523605,1.0672601487506246,24.32554247078214
EXP2,R3-T2,339.5833333333333,58.72449127749543,22.74309949660391,474.33479726010296,6.193910381646405,2.035247897851758,1.0765800659495033,24.44210112691887
EXP1,R1-T2,279.0,57.352305192305,20.37727584175818,453.90721977491546,5.960733188808254,1.8040027598684738,0.7353346521210834,25.896030994505836
EXP1,R1-T2,219.0,57.11851239456525,20.02275516834919,462.7307365071607,5.900401743452595,1.8171433349302089,0.7385350503838654,26.013201065238643
EXP1,R1-T2,244.0,56.690154682688515,20.05704306310258,456.30383998473786,5.936831099164333,1.8456830600137697,0.7508381193906442,25.860448562001825
EXP1,R1-T2,304.0,56.96542050287268,20.181954083316995,459.44995271870954,5.908293891501951,1.8511069937475706,0.670884257770946,25.737389852258605
EXP1,R1-T2,236.0,57.68531367211515,19.873767762620215,466.64617620231553,5.916542132430908,1.8015822674392497,0.7296628197111313,25.8973922731552
EXP1,R1-T2,236.0,57.695835431173,20.365216640825448,457.7630470378967,5.93740259953696,1.7788497780107013,0.7362230718608619,25.69243896682838
EXP1,R1-T2,150.0,57.584419212039165,19.901274742109145,459.3089170667889,5.925771477409099,1.8176915363658186,0.7342356308852968,25.86106621423849
EXP1,R1-T2,192.0,57.42214640747627,20.29517674399378,462.49389021608863,5.955234958811986,1.8068907374366183,0.7085696507803314,25.82249834079269
EXP1,R1-T2,230.0,57.0510333425366,19.863482840426762,450.47060584364476,5.94221217527595,1.793274657303163,0.7308923515612168,25.96973721629343
EXP1,R1-T2,269.0,57.710224469079996,19.910987191423327,460.45021618511674,5.948408171951974,1.671706392912443,0.6843758549397176,25.615574643993554
EXP1,R1-T2,281.0,57.96906183536938,19.85843972430204,453.52952138493663,5.894173393011808,1.895563738448637,0.7266353075237282,26.021264863441246
EXP1,R1-T2,229.0,56.939009926459995,20.100326793532805,457.6863522118236,5.928112075915925,1.7668469511705578,0.7140048536795031,26.251619871321935
EXP1,R2-T1,207.0,58.22408951478687,19.66645327102083,455.62217411749,6.14835219212716,1.87177022318195,0.7242302843466354,25.34695978964177
EXP1,R2-T1,264.0,57.24580017874082,20.0350030737002,457.650456350159,6.119352784619987,1.8543513469310582,0.7214876228644885,25.50689733855436
EXP1,R2-T1,250.0,56.41516284294067,19.925873240424426,460.2994056510598,6.164990120279715,1.855385505014847,0.7453295858567391,24.985483033684115
EXP1,R2-T1,275.0,56.61681685230902,19.869518948629267,452.85420699145664,6.150123725711881,1.807023077624794,0.736132634201863,25.252341086561067
EXP1,R2-T1,220.0,57.77678882864533,20.176052506611878,451.85654051553985,6.13825034440773,1.7888765169625653,0.7378322597618442,25.38240714999753
EXP1,R2-T1,250.0,56.76459441227033,20.08396000935952,454.6537005079501,6.129300493920399,1.8968116250011295,0.7185087769356926,25.264107761789404
EXP1,R2-T1,270.0,58.690478998529365,20.15234010827713,453.8870197305295,6.173361130449927,1.7524460758440048,0.72399489242113,25.186084866079174
EXP1,R2-T1,244.0,56.26816548127121,19.951622522510558,458.60791947467743,6.144996432860035,1.8065109259677798,0.7448181905585711,25.536193187116982
EXP1,R2-T1,282.0,57.291521354612925,19.805843628447644,465.8906631081557,6.128784769623248,1.8924875061914155,0.7208586056070809,24.911355963810973
EXP1,R2-T1,202.0,57.870547359525766,19.767546337798333,460.2889599519138,6.1823198435538185,1.7792513855727925,0.737354906049527,25.071529925036845
EXP1,R2-T1,200.0,56.57258934952492,20.149330257299297,452.2674705871117,6.133517156875482,1.835985532862292,0.691455419946045,25.472476028152848
EXP1,R2-T1,207.0,57.2281730914384,19.782359674171364,453.3700372195585,6.160761070626593,1.7066327904794993,0.7460171234781263,25.36849182519395
EXP1,R2-T2,270.0,57.70792266512948,19.49974345765856,457.6126314253741,6.2664368230304985,1.7472618931722104,0.7092176026597269,25.288942322542987
EXP1,R2-T2,292.0,57.37024672108795,20.160856314314305,458.63537429600416,6.281558679986405,1.700612071272151,0.7251201269604882,25.707147959720118
EXP1,R2-T2,193.0,58.10621891923781,19.803697685319452,462.16821331998506,6.270106047677056,1.7820922187598671,0.7391237721286347,25.39210401829102
EXP1,R2-T2,245.0,58.00067577963597,19.801443404780013,463.9941838052814,6.269307680385344,1.7306337735714656,0.6840398872063816,25.322641241179753
EXP1,R2-T2,287.0,58.09952736170652,19.8198680367788,455.1465307474324,6.262403557470888,1.677438306710253,0.7022223954278803,25.593661106603214
EXP1,R2-T2,238.0,57.0640528833348,19.94981384374726,454.9036047611542,6.262160491810489,1.7791548041593064,0.7078137598036951,25.44631518922648
EXP1,R2-T2,258.0,57.25923874544329,19.673544282671156,457.212777524798,6.280252390881718,1.7018418522615537,0.7389696470018013,25.64691210165579
EXP1,R2-T2,234.0,57.07413095760755,19.42514944347394,458.15762068315377,6.261185474095529,1.662094993124844,0.7025736957070587,25.245736948326776
EXP1,R2-T2,235.0,57.46004377602763,19.711719243802747,461.5827166612621,6.2986754991197875,1.8236701239448843,0.7040830136343776,25.23805628215778
EXP1,R2-T2,273.0,57.33985809744281,20.162164183187567,458.45120227562455,6.27002418668272,1.7610814563817565,0.6901292981296286,25.695202114823708
EXP1,R2-T2,254.0,57.12792364010668,20.050537370817906,453.3848003726453,6.275309308233491,1.6576773618666076,0.6942459984509572,25.458017241671683
EXP1,R2-T2,235.0,57.373067383763114,19.97448987568944,455.7586724315755,6.253733690412247,1.6641054020068509,0.6935430233912762,25.536856338883734
EXP2,R2-T1,333.0,57.3274885679273,22.432437715358475,444.6862389695307,6.19534857630851,1.8172721423961995,0.8914785237408894,24.18598855466325
EXP2,R2-T1,342.0,57.7234345846924,22.63732848631424,455.40370585098765,6.232175754546301,1.8148661716335028,0.8711239040356169,23.806138675584457
EXP2,R2-T1,327.0,57.218362559578026,22.48578057792071,450.54386256450897,6.258737745506623,1.7099162231056897,0.8924221027880456,24.274935329228146
EXP2,R2-T1,324.0,57.28075750093574,22.25608075082471,452.90986021179907,6.2405421570723645,1.8268200017266438,0.8915002740426189,23.89383506948494
EXP2,R2-T1,280.0,59.088234507860285,22.54351819587039,455.3687607411565,6.204971077385587,1.8281915616918352,0.928302349466348,24.197718553240993
EXP2,R2-T1,368.0,57.19620115744144,22.774053252911315,448.58920999635296,6.208914431028094,1.7004894715651648,0.8926657667260748,23.86690247131696
EXP2,R2-T1,335.0,58.01213658157917,22.54499963193066,461.82731034278214,6.2208845613750015,1.7616612271188838,0.8901070601066093,24.375104654242843
EXP2,R2-T1,290.0,57.637659488598786,22.678365216460826,458.6330657785458,6.198932558229322,1.7203278270649411,0.923684069676897,23.966679967081074
EXP2,R2-T1,325.0,58.56307241049241,22.80326165662404,454.03722012275784,6.227891077915702,1.8103696574392996,0.8810890257651327,24.42759561958069
EXP2,R2-T1,347.0,58.02417148093639,22.719275572100464,460.4119744573796,6.226149323034898,1.7976594893204179,0.9194006510271294,24.57680561219012
EXP2,R2-T1,330.0,58.27931744132344,22.491178370900506,454.35543086831217,6.212630237385591,1.7019188834389585,0.8810040567600005,24.79497482459188
EXP2,R2-T1,335.0,57.48679941636691,23.11335667665883,453.95484558898517,6.218395226717843,1.7279366437597525,0.886323779137206,24.372142351482356
EXP2,R2-T1,328.0,58.53537696020232,22.343692839028865,451.14370141663755,6.24806996436609,1.7884346426311932,0.8564697963111686,24.316509583533442
EXP2,R3-T1,249.0,58.41038564115797,22.270073330705447,452.0764605279177,6.257031948544978,1.8554765776004354,0.9360112258931055,23.69895951127471
EXP2,R3-T1,309.0,57.75358167550878,22.46228379621131,455.9103885783258,6.252388966310062,1.9272743012814608,0.9489144878238082,23.806979381633496
EXP2,R3-T1,282.0,57.93582160915734,22.393907410348884,455.70420594300344,6.245282069328168,1.8336262520117836,0.9152434137941021,24.013632833856008
EXP2,R3-T1,320.0,58.0363704914555,22.656537576219414,452.65726235730347,6.248556812151598,1.928255686748243,0.9443027344994196,23.84646706132575
EXP2,R3-T1,325.0,57.254564219866914,22.504212164369857,454.8726841791422,6.232491219855029,1.8408066437050021,0.975745201963468,23.780072355388203
EXP2,R3-T1,311.0,57.78032807409432,22.58659213705603,443.80783754974266,6.258935123308346,1.8536281649778301,0.9288610533909043,23.803654984603963
EXP2,R3-T1,261.0,58.49205318656069,22.90279583953126,449.00590717285127,6.26698974194313,1.8861878686499498,0.9708294494815815,24.6074394754259
EXP2,R3-T1,249.0,57.26681528501358,22.4612332568676,448.27396760539295,6.261584983575742,1.823405910516595,0.945635779291291,23.812719866312143
EXP2,R3-T1,314.0,57.80567529993386,22.466188613568615,448.68116781442365,6.250617154218133,1.869587538909511,0.970019925840769,24.080827866906635
EXP2,R3-T1,227.0,57.728289911887266,22.9609700263497,455.9561868566156,6.280138481067888,1.8561779442750943,0.9778142732797253,24.322383262486543
EXP2,R3-T1,370.0,57.58454309375325,22.512336532678336,459.63946876067337,6.246071892848493,1.8978807127878081,0.96578174157681,23.68030203575149
EXP2,R3-T1,287.0,58.43649436921133,22.74294953520948,457.9707366190971,6.2568005135537295,1.881877226030353,0.9208757942450325,23.920419179933674
EXP2,R3-T1,292.0,57.455609599148346,22.573716239703526,452.9999330053051,6.244121006443909,1.855255208886042,0.9443648191097632,23.88311771836361
EXP2,R1-T2,372.0,58.45788256007721,22.712403806447025,449.93454293292467,6.166132500995646,3.239741708488206,1.603415022652976,24.15466653750144
EXP2,R1-T2,307.0,57.867777041655366,22.925756496448297,457.32775138282943,6.239196699864594,3.2181589324455033,1.5928388778026061,23.555862922564582
EXP2,R1-T2,292.0,57.48504300076931,22.21034707232403,458.57503524261807,6.231349873891441,3.1984472532545176,1.642810088972177,23.467369429797785
EXP2,R1-T2,366.0,58.5890617150642,22.48252608835105,455.44144976564746,6.229728271207715,3.1988733065732182,1.6223390263857873,23.687878055193476
EXP2,R1-T2,348.0,58.77809611229961,22.88693859546546,442.6866911149945,6.243046861938324,3.2538581863700564,1.5945817689101531,23.82309866044691
EXP2,R1-T2,384.0,57.546385201818126,22.69305984913268,445.51439092970026,6.1942497945136425,3.2563417758227713,1.6609134932916652,23.815379391156924
EXP2,R1-T2,361.0,57.66426012799158,22.737752674367567,451.41399662481473,6.22193877798812,3.1613021231226166,1.6064540794440414,23.687770417680333
EXP2,R1-T2,367.0,57.71456509711989,22.32587590130483,444.14113205407085,6.178835307394616,3.1734025538939927,1.5936585314784268,24.050256428738678
EXP2,R1-T2,305.0,57.61788655088584,22.469917535648072,454.7764888737887,6.191528351478526,3.2963545857495937,1.6098791985747252,24.114536837031828
EXP2,R1-T2,352.0,58.08142321291213,22.652373570199515,448.1293640687274,6.22929904243665,3.1553765835742014,1.5941011566856886,23.588480014573907
EXP2,R1-T2,300.0,58.442534707202604,22.439500481867142,468.16139480863154,6.202045670090956,3.287845071039477,1.5759677714346616,23.697864991267785
EXP2,R1-T2,312.0,58.36830695741926,22.484352031207923,452.2866551639183,6.218300540572838,3.206057504714911,1.5701553929191705,23.980852383388566
EXP2,R1-T2,338.8333333333333,58.13168645024215,22.3327002202061,445.21854633543825,6.21592870850019,3.2625829182368915,1.6195956087226604,23.557955285707955
EXP2,R2-T2,292.0,58.26551815660276,22.3712788188776,455.302333753892,6.227981097147364,2.2371655206494143,1.17449610022973,23.90810641774678
EXP2,R2-T2,311.0,57.16650222411788,22.50361582404151,455.50230893172034,6.200073683564828,2.336873420449198,1.152614317733452,24.0269674655611
EXP2,R2-T2,363.0,57.25123077999053,22.44893410530758,455.4965923804876,6.188097070253465,2.3522038493364077,1.20148547896996,24.070504781870277
EXP2,R2-T2,394.0,58.51782175823634,22.543395362055247,447.2699676472323,6.232511497584156,2.42068833531489,1.1744717795669817,24.20572222794579
EXP2,R2-T2,408.0,57.7794215500987,22.820343996509028,448.4254122779182,6.218644114447877,2.281850351711646,1.1999783333639913,23.97261371614075
EXP2,R2-T2,346.0,57.28615256456462,22.55950645128603,449.6896734587825,6.204564826234158,2.3317891270078364,1.1657220909426143,23.92816236756317
EXP2,R2-T2,400.0,57.57700700823453,22.779889890540034,449.3777955167827,6.192055234501489,2.326242458371408,1.135405771404764,23.899480259086403
EXP2,R2-T2,375.0,57.92298950965804,22.405138511630636,450.31357685149766,6.181324113733971,2.368894071558284,1.1762390204568909,23.89804404720502
EXP2,R2-T2,412.0,57.68049285326921,22.318010542294388,455.3375939656615,6.15920610665555,2.4419969630640552,1.1862213549647254,24.0190516142451
EXP2,R2-T2,345.0,57.7879250631921,22.360872838660757,453.2233534914526,6.2090610548135405,2.277428728819288,1.150136076384881,24.05141264473137
EXP2,R2-T2,376.0,57.58024278548707,22.467345010516965,450.13925105024333,6.194790680544778,2.322258212752085,1.172275216261225,24.012405526750904
EXP2,R2-T2,374.0,57.31548119652004,22.592971354422883,457.08464263971877,6.199241213046805,2.3375188254475328,1.176291346433958,23.823015582362554
EXP2,R2-T2,366.3333333333333,57.178523181355324,22.708278180892727,459.6513367384288,6.203958707567515,2.3450313592224896,1.1676107893634526,23.68522082404242
EXP2,R3-T2,377.0,57.99055175595055,22.368597430034786,457.8796626254793,6.224881292895682,2.1927434999016873,1.078003812071387,24.776328712630317
EXP2,R3-T2,391.0,58.272950416938656,22.98451546245886,446.72169181406025,6.207146051366483,2.2560097445637126,1.0584575202263171,24.270292085886037
EXP2,R3-T2,368.0,58.383643829996004,22.476076611033577,452.58272027907094,6.216002279087022,2.1802750008204757,1.085828817818175,24.741010018219527
EXP2,R3-T2,308.0,57.850061724124984,22.448022917877882,450.16027058195385,6.215295066200821,2.0648686893128456,1.0627457568308991,24.853387478344
EXP2,R3-T2,294.0,58.9033907483417,22.487297172307297,450.9565091855887,6.225768177159539,2.1662094684706257,1.0680239755430023,24.44099766715837
EXP2,R3-T2,334.0,58.04821440802914,22.410457849348095,459.08713992492125,6.227491832965507,2.2003470012214814,1.0879954993518637,24.544962997207026
EXP2,R3-T2,353.0,58.75670434287053,22.471895115699795,459.32091267860966,6.21569092927788,2.1785930901871042,1.0556167828244,24.72223243608652
EXP2,R3-T2,368.0,57.485400717184554,22.508979784207323,458.43100737646427,6.2146258057134505,2.2173789475344456,1.1099862021688978,24.650526241570454
EXP2,R3-T2,313.0,58.716250625423875,22.173698009085165,452.0322491183582,6.2322038327781275,2.11260388963048,1.0654964250468824,24.364421516810452
EXP2,R3-T2,348.0,57.80779284557636,22.778030773524886,455.4478051098265,6.230351034284217,2.201428271521609,1.0225321380005226,24.642674330059435
EXP2,R3-T2,321.0,57.51825102785358,22.66592744826793,453.61191224338523,6.213765762580919,2.1848356279879653,1.0775120334144488,24.632044316249267
EXP2,R3-T2,300.0,58.36658620697907,22.786078246509643,456.8032251145101,6.229133426266003,2.1520723526647885,1.1012558022946575,24.50305814482916
EXP2,R3-T2,339.5833333333333,57.708618954474424,22.04791049642489,460.7129163476549,6.233042957695767,2.1573479089147733,1.0875815849452681,24.202744394413937
EXP1,R1-T2,279.0,57.36188519147396,20.017504592594502,458.1786703429487,5.92357591950645,1.852883401518742,0.6871078445591917,25.772992414700493
EXP1,R1-T2,219.0,57.261303819292394,20.11625787966275,448.08733549683666,5.960595151154844,1.7841111421772884,0.7258956346145361,25.740848621484087
EXP1,R1-T2,244.0,57.43526465375132,20.15671511836939,446.5149035727758,5.931228545621145,1.778582699494397,0.7496485318196562,25.8440236012119
EXP1,R1-T2,304.0,56.79219482959862,20.098223441811218,459.8876497468293,5.925150743668048,1.8361202808865744,0.7299885503338255,25.700332604888327
EXP1,R1-T2,236.0,57.34608432529955,19.983777588806586,452.91289918758895,5.966172789714951,1.8014879453215764,0.6970765004229879,25.66623821217596
EXP1,R1-T2,236.0,59.030973678543404,20.17609163922617,467.29086842134143,5.949133255678548,1.7470184851957486,0.6962579590029925,25.972164072068466
EXP1,R1-T2,150.0,57.48548800770053,19.824411186309156,453.4329260848381,5.926427331513,1.7522673514050324,0.7156213814754689,26.114048038943306
EXP1,R1-T2,192.0,57.23978603489211,19.94419396979071,455.02235132848557,5.912346129101688,1.7883751977579148,0.7587722765817172,25.770549247737105
EXP1,R1-T2,230.0,57.37109746100744,19.89059454685711,453.2816251975416,5.913911529954593,1.8137009936838293,0.7172758160237991,25.870883118914577
EXP1,R1-T2,269.0,57.66366617681445,19.58500630143795,451.06168379643543,5.921522061497137,1.7604175474181356,0.7106638559918311,25.827197721440754
EXP1,R1-T2,281.0,57.50677027290081,19.742909689790068,456.6342521614061,5.947396423956595,1.7878344480660753,0.7583977249264647,25.340364020554947
EXP1,R1-T2,229.0,57.87828925602569,20.07400684199457,456.5962843920122,5.926930491440573,1.874752500093354,0.6925024224770379,25.804741586623656
EXP1,R2-T1,207.0,57.885932732621164,19.8649677945803,452.925348219105,6.177101418664886,1.9015074037530377,0.6843960352441119,25.09853295270464
EXP1,R2-T1,264.0,56.750064527283826,19.919099941455553,451.9745984334603,6.15761302212701,1.8555376732138056,0.7378519031720586,25.429292837868378
EXP1,R2-T1,250.0,57.20819601740101,19.91856523777753,457.0830671358426,6.135368921190224,1.8525211176994103,0.6951845727957854,25.516002172745395
EXP1,R2-T1,275.0,56.604936953173485,20.090499695066544,445.644791806297,6.151282382011428,1.8383958544152414,0.7351470614557684,25.23009527844338
EXP1,R2-T1,220.0,57.902454896791845,19.99385832378841,458.5820203446255,6.1283840503699185,1.8103871577171398,0.6891528909757921,25.30367040245086
EXP1,R2-T1,250.0,56.740401564514244,19.69500702961554,454.8721101135862,6.1675006242519625,1.7707034818578724,0.7059257682093907,24.716628326726585
EXP1,R2-T1,270.0,57.23941839480598,19.959602104058604,459.8827110356317,6.122333643422664,1.7745023506261957,0.7122442221185719,25.310154143849445
EXP1,R2-T1,244.0,58.57950229777909,20.00937587271965,464.7512938590511,6.168770518021886,1.7765102089997424,0.700817130216905,25.129347262799925
EXP1,R2-T1,282.0,56.982215272644254,20.128966740154134,453.40540429380474,6.168387674143635,1.757658855464795,0.7169215971623882,25.49859803017298
EXP1,R2-T1,202.0,58.01111147433826,19.818859017483938,456.36692812000666,6.156987010033295,1.758695182657017,0.7342204671172983,24.83488430743109
EXP1,R2-T1,200.0,56.660383731400316,19.67166538393332,457.89647471478986,6.125723879753642,1.780610515356273,0.7490644715907389,25.040939254671727
EXP1,R2-T1,207.0,57.15060801613644,20.0342221641449,456.54016127306403,6.140223385654559,1.8454122923343739,0.7230673282744091,25.02537008443133
EXP1,R2-T2,270.0,57.05048390205374,20.025920700226617,452.0651526653613,6.2687746660674755,1.744015274892383,0.7197262284478285,25.421120429563594
EXP1,R2-T2,292.0,57.31992031876061,19.972962055915726,451.986618622783,6.2665335310609125,1.7819855937262536,0.6921147412564247,25.47692771588601
EXP1,R2-T2,193.0,57.37435215667873,19.969746155330547,451.9918014848757,6.28577147614528,1.6910994632176775,0.7150348235983061,25.16723308355321
EXP1,R2-T2,245.0,57.06057846563261,19.97072172578884,456.9565983868028,6.296923647781209,1.730330785762459,0.725165009152016,25.170837770635348
EXP1,R2-T2,287.0,57.363780643995604,19.91064021821683,467.45405138763647,6.275914096905344,1.7442112404980892,0.7274130329016125,25.5512681154695
EXP1,R2-T2,238.0,57.34726395749695,19.759107186039795,449.13764978903043,6.275351668199732,1.7351362452598829,0.7214095278399515,25.12037466927999
EXP1,R2-T2,258.0,57.020281324536434,19.860882067465642,452.0628345760738,6.257571937558946,1.741322067828325,0.7172290659747678,25.716126523436813
EXP1,R2-T2,234.0,57.792816925486626,19.7360549319111,462.79096617721325,6.273093468268171,1.7996032510432898,0.7262887376275551,25.917468638880433
EXP1,R2-T2,235.0,56.924578468481684,19.96308541103811,454.72979669225816,6.267934720457472,1.7940084072259928,0.7182354022043166,25.566189104995253
EXP1,R2-T2,273.0,57.30540004278152,19.711091235275653,456.25776279804745,6.273997306877415,1.7761050175163606,0.6913017792549984,25.753686260050216
EXP1,R2-T2,254.0,57.63677407733327,19.66159669276437,453.1683107743254,6.234947223702894,1.6860164299079043,0.7203705171483082,25.471407870110692
EXP1,R2-T2,235.0,57.33961588466883,19.954080148818495,457.91087195500654,6.268157118074648,1.694957706482514,0.7230116430694663,25.635941568033644
EXP2,R2-T1,333.0,59.15010217653032,22.560139020135434,447.74600525081775,6.228523954321929,1.784968210418355,0.8828728436243283,24.159810655333523
EXP2,R2-T1,342.0,59.179409414472,22.49396801177319,449.6258475021997,6.2536070975751645,1.8045162172534124,0.8808454508341164,24.630667273437354
EXP2,R2-T1,327.0,58.22095924071138,22.883647105312782,446.80225590811625,6.254760093684122,1.764382391311567,0.8764551979575237,24.503542001695664
EXP2,R2-T1,324.0,58.56033035121612,22.707161544263055,445.156336580279,6.220867337196859,1.7868632926345955,0.8803015915132488,24.13924996428589
EXP2,R2-T1,280.0,58.89238246733183,22.478709257340906,465.195406449794,6.240379686892597,1.8188244441698027,0.8588984091928907,24.03396587674809
EXP2,R2-T1,368.0,57.686627350939666,23.02523419591974,442.6883041137211,6.247753291650479,1.7622862312470664,0.902371358346004,24.412232536948896
EXP2,R2-T1,335.0,58.10457314091865,22.40504479699379,451.7517486821885,6.242510738031142,1.7574102811641674,0.8606021419253288,24.3682921495216
EXP2,R2-T1,290.0,58.82990332627308,22.48764554172992,457.38796629682804,6.261236958939348,1.7470005468225458,0.9103353596969647,24.01868869022509
EXP2,R2-T1,325.0,57.06104864485352,22.26476314727134,448.0873362737195,6.233395773618054,1.840734354074788,0.9094119468516217,24.134346085018674
EXP2,R2-T1,347.0,58.23742146617706,22.62128865761198,467.4171523722829,6.224569257975862,1.7792863868946025,0.8809028267604246,24.182224489015876
EXP2,R2-T1,330.0,57.79710021279782,22.65287649094412,451.9454317434158,6.24747849452967,1.809688909196499,0.8532229270028275,24.020216337147225
EXP2,R2-T1,335.0,57.81254336758651,22.009396673937847,459.9071631571434,6.212546102474401,1.6866695849189408,0.8775471028041099,24.512842441398206
EXP2,R2-T1,328.0,58.880198604850726,22.547542830698077,460.874936703255,6.228726042534156,1.7361916037389473,0.8846509778755168,24.18494591916833
EXP2,R3-T1,249.0,58.45041527716498,22.78373114609053,448.7428744437256,6.281802159259274,2.028386039595084,0.9718955507661303,23.75677498280733
EXP2,R3-T1,309.0,58.6465665291818,22.570527986946892,449.11417338108373,6.281743034050791,1.9501298789179378,0.958622422803174,23.89882416544262
EXP2,R3-T1,282.0,58.638760479864985,22.3965780015094,449.160593261853,6.276023892686842,1.843045607566116,0.9366690137666892,24.199510214472433
EXP2,R3-T1,320.0,58.55572875827766,22.469536103274976,452.44112093607424,6.2628057863337165,1.8637918921267276,0.9680936804245337,23.69002009277286
EXP2,R3-T1,325.0,58.487113162235026,22.533737607314926,454.25044156776244,6.282094633113498,1.8304237462310295,0.9695724742960424,24.03825729300556
EXP2,R3-T1,311.0,58.66511175549502,22.88140936395617,455.5175256649269,6.263682421094238,1.8660867892685398,0.9251267334995135,23.773782304672103
EXP2,R3-T1,261.0,57.606380671794795,22.29932890181368,458.9977584367715,6.258689103980839,1.8877893221306257,0.9369268845553271,23.676128584462955
EXP2,R3-T1,249.0,58.140503550012475,22.609600360508548,442.0882539784386,6.239407699449506,1.8542355758119757,0.9468942697925965,23.53136660315811
EXP2,R3-T1,314.0,57.10973407480503,22.187276804987977,458.4654510706763,6.2576543020386985,1.916184155256063,0.9618301791723277,24.00204600491002
EXP2,R3-T1,227.0,57.258154504697444,22.783100159222442,455.8773076316878,6.242801630796348,1.9303030508229075,0.9306907939074288,23.70806160468008
EXP2,R3-T1,370.0,58.86056497646513,22.68576028914104,453.67064520293604,6.218318705826248,1.9230849164677677,0.9835949901919228,23.83186352797064
EXP2,R3-T1,287.0,57.96051008956345,22.308762187855034,448.6909748198352,6.2579501036590734,1.892609916845723,0.9542338491805716,23.681130311822802
EXP2,R3-T1,292.0,57.959486729670395,22.371290533923098,458.26872781858805,6.280935994202942,1.908247671081982,0.9290532453872637,23.498838244531218
EXP2,R1-T2,372.0,58.55148303849812,22.06854037321648,455.14654782809805,6.209582646722871,3.2440430001002856,1.6181128677182757,23.99278170185315
EXP2,R1-T2,307.0,57.36050659624406,22.72047152057096,459.15343561574764,6.255758861607705,3.218566543790688,1.632085929010727,23.674368133945375
EXP2,R1-T2,292.0,58.9374083157391,22.21408424873126,455.9170495488884,6.207895995437775,3.1786888796266073,1.5985511095220113,24.246549934668874
EXP2,R1-T2,366.0,56.8701325149064,22.629074739124782,458.08271339663673,6.211584755208905,3.1975504731969067,1.6024928889027106,23.71946606766152
EXP2,R1-T2,348.0,57.94244712238721,22.512848476499222,446.31461874350197,6.228430770639432,3.264834589958262,1.6083310589332276,24.025785796539143
EXP2,R1-T2,384.0,57.750304140340624,22.612692579504436,461.64152015851863,6.205589307908697,3.1987229806271906,1.6032036608417557,23.969570675791406
EXP2,R1-T2,361.0,58.41168741423432,22.344438042839514,463.3223034578549,6.2176839838585565,3.2477025829099335,1.5903124631918761,23.86939695540259
EXP2,R1-T2,367.0,57.68604890938572,22.541182520192454,452.41250516040486,6.176179157424393,3.190178060898903,1.608400915294408,24.021816044333484
EXP2,R1-T2,305.0,59.23512233657644,22.210956999143495,452.17296642959167,6.238004576416529,3.218856546890687,1.5886783704148553,23.31001942153506
EXP2,R1-T2,352.0,58.2217034236479,22.58742406011183,447.6075019609856,6.197502535315137,3.2564818286612676,1.6377008926055632,24.097786535990906
EXP2,R1-T2,300.0,58.22296194211966,22.844620918851167,446.72591065798986,6.1905053098057135,3.221534259936957,1.612542476724483,23.7761386655008
EXP2,R1-T2,312.0,58.04025581449958,22.42744864172915,459.6878467242704,6.21063538727287,3.1816333145561573,1.6392379789425455,23.79736109995691
EXP2,R1-T2,338.8333333333333,57.007348470392785,22.368967168851324,448.65932415646523,6.219465181037744,3.1690325536211765,1.6019701599636738,23.645133596140514
EXP2,R2-T2,292.0,58.252657970177175,22.21206571885452,453.0910603482129,6.216154504477962,2.4077816496145825,1.1708075643256024,23.743139662591698
EXP2,R2-T2,311.0,57.39767739464463,22.537863937467826,453.9631207112374,6.2275601405745515,2.3820020978441714,1.149608277673435,23.860405302655405
EXP2,R2-T2,363.0,58.23042473071906,22.429903213279747,459.333835966708,6.209636724512917,2.2755696562786576,1.184817310426562,23.837814165642182
EXP2,R2-T2,394.0,57.50446197352024,22.76114876802184,456.32982752041414,6.206006050429168,2.322237578992287,1.1640658513513549,23.84029342956548
EXP2,R2-T2,408.0,58.02738651077978,22.650347022187173,445.64225671236966,6.168372292618122,2.3637379708876045,1.1690436181991168,23.699384536127646
EXP2,R2-T2,346.0,58.58143561191586,22.403433653511602,461.821435806703,6.227037844866023,2.3812096495361446,1.1600974960990873,24.226004580402375
EXP2,R2-T2,400.0,57.838152793762404,22.99832243215325,457.23235482076853,6.231552130568731,2.3348782010875526,1.1746646776667338,23.677680787577152
EXP2,R2-T2,375.0,58.016800721003406,22.745135089557003,448.11940132776874,6.212637170355247,2.2538660652744493,1.165224605875935,24.014479096173602
EXP2,R2-T2,412.0,58.73329307505649,22.262716028410953,445.876484159599,6.243504308607732,2.3620401332777066,1.1863269795771971,24.251246440160813
EXP2,R2-T2,345.0,58.00861409997812,22.385968123651214,453.83288265684706,6.224075602042528,2.386333503252091,1.2031455067702472,24.047559817883165
EXP2,R2-T2,376.0,57.851099006176945,22.329658006746712,456.6777655589922,6.218635686074376,2.3369473950127517,1.198326687176258,23.854325731914816
EXP2,R2-T2,374.0,57.90658900246937,22.461731471743736,454.5471631178524,6.163389011136594,2.3954051507865843,1.1649801715518344,23.73199086970588
EXP2,R2-T2,366.3333333333333,57.39496051939808,22.507150092504677,452.57851211469693,6.205917648935773,2.2251522910098105,1.1741884872950208,23.8322803079408
EXP2,R3-T2,377.0,58.460017323169026,22.566099341876058,455.94646026933776,6.211866180472989,2.156206583823883,1.0574180356413576,24.522002494857052
EXP2,R3-T2,391.0,57.84226562986491,22.409794253715344,456.98000580055924,6.217047518096784,2.133390449935831,1.1053014871263738,24.552264718086146
EXP2,R3-T2,368.0,59.28210031576369,22.16838940981691,447.899348340605,6.2557178658205626,2.1865685573804905,1.0962168219644126,24.58819284984945
EXP2,R3-T2,308.0,57.883139254669324,22.415764306237808,460.214507789412,6.2256967323169965,2.170958835291139,1.075499787434929,24.5913836167174
EXP2,R3-T2,294.0,58.55904670201201,22.159774093504954,454.8476763144028,6.227264770916627,2.150978871177136,1.056773534603493,24.377289489933755
EXP2,R3-T2,334.0,57.734373394666164,22.789339602447505,455.09142769424653,6.247750808707601,2.1378009269063947,1.072304076207906,24.87911915714261
EXP2,R3-T2,353.0,57.71239610349997,22.521439601159983,455.0761608784277,6.239233808136453,2.0954327875712346,1.1229373020195343,24.85863553904838
EXP2,R3-T2,368.0,57.79439484061634,22.40346061247579,451.7229633333227,6.215321114559751,2.219392338190143,1.0912413669753689,24.699115384426754
EXP2,R3-T2,313.0,58.27751399425286,22.338345286793956,448.6333896553486,6.214259960039936,2.2219097238396155,1.0890531102887915,24.772319309551584
EXP2,R3-T2,348.0,57.82963727214745,22.430210841530773,450.9697744218412,6.231078904098806,2.2760575553916027,1.086739565028994,24.607311128310638
EXP2,R3-T2,321.0,58.32787132337383,22.550509064432738,449.014049573875,6.264628234438878,2.2361541423585383,1.053875208760583,24.78795956537065
EXP2,R3-T2,300.0,57.96514330283642,22.125712413614455,461.3246035547988,6.203479655393279,2.1764833356355564,1.0758423062996545,24.486605345237308
EXP2,R3-T2,339.5833333333333,57.86503481187846,22.297752511052582,456.7691609497601,6.2222865436226416,2.120659548490424,1.0873907851648335,24.590589255524634
EXP1,R1-T2,279.0,57.22731026675655,19.87459277485105,455.0194909783277,5.932151023272428,1.7334589882087454,0.7274556847971644,25.77310298846337
EXP1,R1-T2,219.0,58.094564558103855,20.022800929379436,450.19520927789137,5.9152218825355485,1.9021610063477925,0.7252981665369497,25.688124634724637
EXP1,R1-T2,244.0,57.9894932350637,19.977823456644458,453.69516007600237,5.936021912433237,1.6887925712564107,0.7168249858141044,25.50652792315243
EXP1,R1-T2,304.0,56.9880927886776,20.062865878075357,455.57914455194236,5.947348111657226,1.7727231290406422,0.6915873693873239,25.88714398942689
EXP1,R1-T2,236.0,55.91596396137641,19.791410679767477,462.72993589351404,5.921042564747406,1.8324492863658872,0.718169012964702,25.708788360371216
EXP1,R1-T2,236.0,57.68448488922154,20.11634806820618,452.01281382120396,5.966119984350129,1.7876953183875743,0.7336178343322771,26.020080397791645
EXP1,R1-T2,150.0,57.62726919039831,19.76325082764938,458.61130350861276,5.964405563483434,1.822903191704224,0.7050718160029055,25.815563921303358
EXP1,R1-T2,192.0,56.87201104833656,19.87651067172417,455.7020473361726,5.93394487165287,1.8033447652150008,0.7144407400738483,25.940917277107484
EXP1,R1-T2,230.0,56.16910568831275,19.74261477275273,456.7337844792464,5.956439236959038,1.8148360447512315,0.6766618145654754,25.82346910015062
EXP1,R1-T2,269.0,56.906563335158054,19.759877370131722,451.5807994143431,5.945899656894804,1.8791139484262136,0.7777011535635462,25.592584308366117
EXP1,R1-T2,281.0,57.32086440588772,20.038607435549835,452.306400004708,5.94081695003329,1.694978512617465,0.726376555727945,25.84782988223606
EXP1,R1-T2,229.0,56.619343059547596,20.25711638955749,455.8847759985583,5.952822460730187,1.8524377281701343,0.7309619862078081,25.84667027083359
EXP1,R2-T1,207.0,57.39898920907578,20.333948574026437,460.43213929769377,6.139168826067215,1.817143906269412,0.7107599556776216,25.103476172699924
EXP1,R2-T1,264.0,57.2082965251812,19.746093690988136,458.9462789137665,6.148051327427778,1.792482339209161,0.7173874053404757,25.481749647394683
EXP1,R2-T1,250.0,57.14987763415786,19.769655249783,466.63849401995276,6.164375130850114,1.8410620600815406,0.7255206939624411,25.00863218580383
EXP1,R2-T1,275.0,57.598573904817485,19.89529780688746,451.1452036506648,6.151586079912789,1.8648265773225348,0.738641917176875,25.65102290176963
EXP1,R2-T1,220.0,57.174488408607935,20.542443339484056,454.12243423009056,6.122872248708102,1.8301361811531043,0.7453161843327517,25.376971214677532
EXP1,R2-T1,250.0,57.75444144194434,20.11989042385577,450.4309048314209,6.180802799252273,1.836001952707684,0.7472335364894187,25.136400430435728
EXP1,R2-T1,270.0,57.08311514466542,19.86590164496677,454.93917111222845,6.141962679160884,1.7411570503414253,0.7337159826501943,25.507105474977696
EXP1,R2-T1,244.0,58.41924202153696,20.122775871928802,455.032313947517,6.163630085581103,1.8323219652211913,0.7024463432658065,25.21482338314982
EXP1,R2-T1,282.0,57.73085338998538,20.192744894710415,463.6330415902424,6.107109831581173,1.7057895051241447,0.7217555770773244,25.0144279828233
EXP1,R2-T1,202.0,57.516889085331165,19.897268915015896,452.28431490660444,6.1856600748838995,1.85946216720851,0.7452512833931945,25.427494180642213
EXP1,R2-T1,200.0,57.05243195650829,20.002270093661433,459.09431081985025,6.153118717389233,1.8374114470708645,0.7237382181949391,25.14558358589489
EXP1,R2-T1,207.0,57.572589607817356,19.728322151232096,453.0859241451657,6.163519858593493,1.9070179065742348,0.7507527215413846,25.08073901214272
EXP1,R2-T2,270.0,57.82796465644508,19.923933886932158,459.68734775943847,6.2712667378319535,1.7251014957293898,0.6831748660340381,25.276733920149866
EXP1,R2-T2,292.0,57.35903773653124,19.739630896788746,454.310973450548,6.302212958368078,1.652461398712989,0.7177970046830221,25.629672893873312
EXP1,R2-T2,193.0,56.317111222822,19.638387608826683,454.85768596464595,6.329957562045194,1.6444226957335624,0.7283800860677985,25.801035027160893
EXP1,R2-T2,245.0,57.38512672168914,20.305632981141155,450.07771359884606,6.267763245936945,1.8613403863158688,0.7148200319173984,25.492077183530235
EXP1,R2-T2,287.0,57.70793909843402,19.985261854227478,455.5320665017751,6.263752704959119,1.82067300183673,0.6844533224680248,25.668279477816434
EXP1,R2-T2,238.0,58.18652557079782,19.79876124706727,453.8505086882606,6.280034544281181,1.8023695416352539,0.7116796658972903,25.197707721087635
EXP1,R2-T2,258.0,57.094590325988555,19.982019644493835,455.62699866127605,6.278876438495058,1.7448684102398409,0.6902829858264564,25.44017886076534
EXP1,R2-T2,234.0,57.38860722831671,19.52759340571509,456.2878825270459,6.286703665217594,1.8212687991497958,0.7153168082493214,25.628111853042384
EXP1,R2-T2,235.0,57.64773284724902,19.46951270546101,459.1012228851624,6.258377339420634,1.81454218628711,0.7179644693162188,25.23046873632822
EXP1,R2-T2,273.0,57.95189799538737,19.880487673617377,452.6717443390618,6.288146163570116,1.7508815595960734,0.7097019662186952,25.285743718186037
EXP1,R2-T2,254.0,57.25063800816479,20.126227013160513,452.32667302815514,6.2781359333508036,1.7608197992376071,0.6595459636147889,25.53891647087493
EXP1,R2-T2,235.0,56.75708956995923,20.135163438717587,456.2216092085374,6.254704741160564,1.7951454057541167,0.7134833126138784,25.85540367261634
EXP2,R2-T1,333.0,58.56768208650013,22.542479480450215,446.41367562826434,6.227752564834779,1.7662498306094567,0.8865779547346256,24.14148433345841
EXP2,R2-T1,342.0,57.97401542793188,22.632810934427532,458.34958005371595,6.232488930520115,1.79497658352641,0.9049689588438032,24.33145236741766
EXP2,R2-T1,327.0,59.04582437199723,22.54179663176751,454.42188340560955,6.2263388343052934,1.8632871081910052,0.8718970208343407,23.926089296925372
EXP2,R2-T1,324.0,57.535065294692636,22.90051957908215,444.9235392419718,6.242770639188101,1.7910462571586832,0.8881344004573314,23.99950087921279
EXP2,R2-T1,280.0,58.178809519594616,22.75685673517703,445.33205247597436,6.28659647276254,1.6924009892522562,0.8779363273687606,24.43962035320256
EXP2,R2-T1,368.0,58.75154452428414,22.698009959253405,457.73161613093475,6.216411213494886,1.7903133646720373,0.8915408403960795,24.411978290015046
EXP2,R2-T1,335.0,57.550395150948106,22.411924227007457,447.8779442808,6.225995888563613,1.8390074407901338,0.902751299577423,24.180064269014707
EXP2,R2-T1,290.0,58.165913797137264,22.496194856123484,453.11536499031814,6.260139439319864,1.69733359530941,0.8541048615380291,24.05247229038806
EXP2,R2-T1,325.0,58.51507203172062,22.690855169798454,455.1695450668403,6.234468613341494,1.9209610194678028,0.8804853231125223,23.964448966748236
EXP2,R2-T1,347.0,58.49717232787262,22.736852525279538,454.0533697834304,6.234979415070856,1.787851356824873,0.8557340194197586,24.288935811611264
EXP2,R2-T1,330.0,58.239675921056474,22.557304131373716,458.3047448952506,6.2447236401165735,1.7541069753428369,0.9184089131424815,24.008830672779258
EXP2,R2-T1,335.0,57.752610063336796,22.790034455209653,458.6611519917301,6.256942569033222,1.7685526952816168,0.8803272483900967,24.51068355799949
EXP2,R2-T1,328.0,57.69946171381458,22.328161706546172,450.583901441805,6.268431061777095,1.7590502047177465,0.9214694293604457,24.193049172914513
EXP2,R3-T1,249.0,57.63280400023298,22.528874293042843,460.03438079418714,6.2778148628349735,1.9627853834677036,0.9562305360137873,23.989912759100623
EXP2,R3-T1,309.0,57.9398419562877,22.594723293119706,460.0852373514537,6.294079914982474,1.818442350704857,0.9610760277474204,24.246830223851983
EXP2,R3-T1,282.0,57.78518703793026,22.469705053283388,459.76404121527895,6.281814659517771,1.9343602069190104,0.9431120412305395,23.941104733300808
EXP2,R3-T1,320.0,57.29085300544683,22.66468411047058,447.9304842880192,6.273803400047391,1.9064322728119139,0.9688964727182342,23.750084269971495
EXP2,R3-T1,325.0,58.37976420713033,22.25457416091574,449.3478349571051,6.2880475643180915,1.9468867099599516,0.9615881074462008,24.061956203502408
EXP2,R3-T1,311.0,56.99277042161816,22.953344708572136,459.6113552365045,6.292098308524689,1.91400543109073,0.9245533964912469,23.727616707990254
EXP2,R3-T1,261.0,58.161539937961656,22.344678541247323,458.4457254999544,6.279795849570337,1.9766378282638648,0.9409984651327913,23.928127018713152
EXP2,R3-T1,249.0,57.94440792983561,22.67586121478866,446.4667218138422,6.2358124357474365,1.8772776566285696,0.9401697765279715,24.02514629419184
EXP2,R3-T1,314.0,57.40039765559734,22.81150932201944,452.95056551714686,6.228079509740865,1.838670300628785,0.9512004706373726,24.32574666412029
EXP2,R3-T1,227.0,58.53543706121719,22.598244382225612,449.38323891564477,6.268479308249583,1.9562689212684177,0.9398238189636118,23.914033769093084
EXP2,R3-T1,370.0,59.08456816282777,22.56398376334861,444.024848624206,6.2812680997536425,1.880935435734253,0.9503645714848666,23.952470572271647
EXP2,R3-T1,287.0,58.461532220267934,22.72555390913568,455.60124369937347,6.2845316810879455,1.882303527130409,0.9304976190434784,23.85713732397028
EXP2,R3-T1,292.0,58.78788206431904,22.367530452349893,453.13249267422276,6.24652158019925,1.809105228867244,0.9357933475757985,23.750342524746202
EXP2,R1-T2,372.0,58.578332637838635,22.519171853541042,456.9211766617097,6.221438405212488,3.2660339077603786,1.5833614926913637,23.76591450341247
EXP2,R1-T2,307.0,57.444482274831856,22.880261069173915,456.71874469790953,6.237962932474198,3.250368200017587,1.6236702147659057,23.719508736979968
EXP2,R1-T2,292.0,58.262815670053776,22.249188663193774,447.8020163760483,6.224654247217745,3.2331279713244085,1.6003127294204236,23.7403588601723
EXP2,R1-T2,366.0,58.68565683732988,22.838134078287137,449.34578271253696,6.2388902196757146,3.213049062779513,1.6061009160767012,23.992539482748626
EXP2,R1-T2,348.0,57.98376910563399,22.35799400477627,456.7822090019132,6.217438132630151,3.2283234668049774,1.6130406389669671,23.960836828410482
EXP2,R1-T2,384.0,58.87553254687536,22.35011737247603,442.4946832247426,6.217379804456331,3.208672221447415,1.5960940601375777,23.819694383141588
EXP2,R1-T2,361.0,58.248350463947276,22.53671147459113,451.5252045014056,6.221895938933258,3.262934639274419,1.654251123843362,23.89406904232504
EXP2,R1-T2,367.0,57.344455899020836,22.467129882656355,453.0503032100296,6.206387550636266,3.2491762314695265,1.5746093086681465,23.831426034890526
EXP2,R1-T2,305.0,57.860698647188556,22.535337884975768,457.554526235014,6.20761844528556,3.1574900726119868,1.5748898852774502,24.215937898396867
EXP2,R1-T2,352.0,57.63342046320428,22.371085950013136,454.8187017574026,6.197123718950509,3.2745339897013435,1.6288477195082833,23.94597382239564
EXP2,R1-T2,300.0,57.412937635305326,22.5682117323128,454.6797100650434,6.215877780313353,3.2065166057406236,1.5805136023659607,23.90753330072276
EXP2,R1-T2,312.0,58.22913465542942,22.444740657501654,453.0626343373704,6.197405215978644,3.2201872619236185,1.6068827067999123,23.71804939553728
EXP2,R1-T2,338.8333333333333,58.24415657986474,22.237467182165187,456.46166341743674,6.209660181676709,3.147729070145067,1.6018057621466846,23.841538850647215
EXP2,R2-T2,292.0,58.41253119487083,22.697201821925916,454.672293149771,6.193312720511845,2.332976392695551,1.1309721840264741,24.03061935746451
EXP2,R2-T2,311.0,57.77632483853415,22.47266362279795,458.81053198351873,6.203753730228197,2.2686449681800216,1.1572878337442312,24.174485562819
EXP2,R2-T2,363.0,57.82444929283804,22.36616928064733,458.24625804866315,6.200366317593836,2.34990919253053,1.1722227736101916,23.904176755652966
EXP2,R2-T2,394.0,58.30176489421779,22.55740850093455,457.34557504298385,6.230951032204425,2.4083420116891836,1.1945896167145766,23.635682768559903
EXP2,R2-T2,408.0,58.44921878248633,22.418349534248833,446.9755542140968,6.209987286230122,2.3989872569820005,1.1716243095381071,23.77280824075452
EXP2,R2-T2,346.0,57.18549136198105,22.46058307081248,450.8929602494966,6.213048605843835,2.4409854609552135,1.1785189181585642,24.20467995913266
EXP2,R2-T2,400.0,58.04903490510623,22.194368128125603,446.37251005406193,6.172730523272398,2.2862734485673,1.1776228418448127,24.10386496581646
EXP2,R2-T2,375.0,58.026874123515654,22.419329508019285,442.6615804193008,6.239928450259182,2.266963029555826,1.166210819012265,24.018907880481052
EXP2,R2-T2,412.0,58.22919871928626,22.340629217393392,448.55583315626376,6.228715262542629,2.342767672547577,1.1718041492554132,23.827749168324793
EXP2,R2-T2,345.0,58.657230508319955,22.690464685641473,457.96266021470694,6.1919013685159205,2.374309418095324,1.1759232692152264,24.069372687226984
EXP2,R2-T2,376.0,58.200493441686994,22.41707733057547,457.2902417067655,6.222589125064572,2.358262819454439,1.1309443726238517,24.01652728820347
EXP2,R2-T2,374.0,57.96802173230427,22.35803334650244,449.7013596044325,6.187533147685518,2.3764390262763966,1.1909378136112299,23.941463425347212
EXP2,R2-T2,366.3333333333333,57.34200693911526,22.69745890252342,449.03236233136926,6.248658900864417,2.307809122508817,1.138550017739559,24.212314381664
EXP2,R3-T2,377.0,58.534571794213086,22.548574850618483,451.616506808454,6.2237259137094325,2.131657740773141,1.0379476782818267,24.573052923181926
EXP2,R3-T2,391.0,57.52840527136317,22.235489227156272,445.75862545332257,6.218267526620703,2.1277777983330592,1.0851846106556318,24.590509693735406
EXP2,R3-T2,368.0,58.36146408674771,22.480763907890566,445.3962201015316,6.2203249823168685,2.13003415760369,1.0583838385252995,24.703897600576397
EXP2,R3-T2,308.0,58.08976386109131,22.205786643416292,457.6062048301488,6.221900203592302,2.1819397136773926,1.0633488599716718,24.492478415682694
EXP2,R3-T2,294.0,57.66011225143048,22.359835128535327,454.23143181252027,6.232574306690199,2.233098257034959,1.0873168822340602,24.405924242949048
EXP2,R3-T2,334.0,57.992547938703545,22.514850881111908,449.40884815501636,6.209234117591792,2.1505589249895323,1.0665350285807473,24.75177583258502
EXP2,R3-T2,353.0,57.75853097802843,22.624676893807248,453.97708370189537,6.218701531020929,2.1504864544145756,1.114594418659548,24.50378399521611
EXP2,R3-T2,368.0,57.20436172839719,22.215452607350155,456.9659779726307,6.234650172131622,2.1613494899965944,1.0920347166829252,24.377977296491256
EXP2,R3-T2,313.0,57.82095428426572,22.60676242590512,456.6391244640312,6.232527320207188,2.2240030211408066,1.1040614448227788,24.235679879720205
EXP2,R3-T2,348.0,57.139784687340295,22.444150919122748,442.917247732446,6.235282127229535,2.246211760214321,1.0637165424535153,24.541027364841938
EXP2,R3-T2,321.0,58.59936424800573,22.434523979999724,451.04636290353295,6.234211272953135,2.149767389989209,1.094180753964945,24.744430068563293
EXP2,R3-T2,300.0,58.114627885939285,22.639256494753134,454.57765271868755,6.236565606607715,2.234194343854951,1.0899504838478018,24.702446193779007
EXP2,R3-T2,339.5833333333333,58.05976049861305,22.772449026548625,453.97452246594554,6.253805749402889,2.0450663427430733,1.1030662648144305,24.660291752752467
EXP1,R1-T2,279.0,58.0464230571328,19.722518638722605,454.19082687275807,5.944308869515706,1.8680911652054089,0.7352387842998617,25.69138712857886
EXP1,R1-T2,219.0,57.8387073766643,19.650590429514587,464.16628084517447,5.953203886526722,1.7385651203015662,0.7188129853008294,26.077318773825276
EXP1,R1-T2,244.0,57.430017517079655,19.6788772035765,460.26622709535263,5.93114395835385,1.7025480588652417,0.7061662802557223,25.851722487042267
EXP1,R1-T2,304.0,57.53880837861031,19.620273953340572,462.63838290640933,5.968576885288521,1.7474334401831733,0.7540912762037212,25.835488397466133
EXP1,R1-T2,236.0,57.47157593494012,19.769483162603166,453.7212199021416,5.958862832968071,1.7845338547642742,0.7059303125649942,25.93867360381629
EXP1,R1-T2,236.0,57.17387805999234,19.982282051653677,456.8658295398632,5.954705648218233,1.7606182799416439,0.7371503856119118,25.89971823363499
EXP1,R1-T2,150.0,57.460709737555405,20.07803700789059,452.4884362640261,5.911999171809208,1.8197227585189877,0.7330123537446889,25.66560657650184
EXP1,R1-T2,192.0,57.31933177066096,19.820918038125455,458.15217062061186,5.9742177436696355,1.859210427069069,0.7146014817590861,25.706399705798926
EXP1,R1-T2,230.0,57.7808045150895,19.774870275104703,464.95202890244514,5.940567956006656,1.8208712763249166,0.7154921097581185,25.64829865300252
EXP1,R1-T2,269.0,57.96914324104826,19.946623558501656,458.1877493035061,5.922293370599639,1.7488315019007716,0.7067242074293253,25.974893438935627
EXP1,R1-T2,281.0,57.420477350612686,19.676528786073764,454.90785747252835,5.947163745973149,1.7775266405243528,0.7432171624530655,25.88057584014372
EXP1,R1-T2,229.0,57.759001130112985,20.209495357451324,452.3477428440431,5.917072257832393,1.877732376826762,0.6998166833186372,25.62255503256791
EXP1,R2-T1,207.0,56.941729158823804,19.634735926013576,459.08321459698055,6.159583776132566,1.8390125342694819,0.7408376937664235,25.00979692835158
EXP1,R2-T1,264.0,57.7299955888211,19.823743035004004,456.5264643840691,6.132555924358467,1.8201493402838111,0.7255600156263923,25.167082341210953
EXP1,R2-T1,250.0,56.889504235338244,19.9274334365704,461.4881181544788,6.117108395742401,1.8653409326859407,0.709796793585553,25.21652046244169
EXP1,R2-T1,275.0,56.33786980297222,20.009930787187145,459.96314132626526,6.13475273501157,1.785435048263919,0.7365295120872776,25.159685116824296
EXP1,R2-T1,220.0,57.04767113282669,19.726751333018647,453.1445112200345,6.144973252170094,1.931715775891026,0.7227129481918233,25.06002459850071
EXP1,R2-T1,250.0,58.33659509543759,20.02714838703451,451.1035466937208,6.132494810910861,1.8085284597092075,0.707434364306072,25.606201658738097
EXP1,R2-T1,270.0,57.54334396702064,19.747123697651134,454.41165254085684,6.183266667304973,1.7632220376497136,0.7420059558165482,25.052468658035394
EXP1,R2-T1,244.0,57.555842466780064,19.91636372228967,447.56536857675496,6.1116134403554545,1.778504247835107,0.7229783210042965,25.28631663938467
EXP1,R2-T1,282.0,56.47022395438079,20.320585642555756,448.3854026140418,6.160546142074774,1.8344477367909227,0.7134739429857935,25.32567953404836
EXP1,R2-T1,202.0,57.775080858438876,20.087164756349473,468.3899116161444,6.106946227475167,1.801958978038947,0.7250970743570337,25.17819015156016
EXP1,R2-T1,200.0,57.824819037026614,20.20750015165153,448.80321658327074,6.116526967465036,1.8290372556430963,0.7046510032639506,25.43096877787628
EXP1,R2-T1,207.0,57.50764800254333,19.87099964338978,452.6077520850955,6.183962358437794,1.9271080085614738,0.715750411123174,25.071639369231455
EXP1,R2-T2,270.0,57.71409692617512,19.861802498840554,457.5310815749426,6.243185728291886,1.7581480826976872,0.7048571395109517,25.209748481756453
EXP1,R2-T2,292.0,56.69364546566276,19.919365528207326,452.92635893615915,6.305298452281218,1.7873804631761612,0.7115030622450431,25.407217487082093
EXP1,R2-T2,193.0,56.89413871909275,19.589290500988657,456.06176181713903,6.300008069643867,1.6807083167553354,0.6965948344553283,25.563587865453634
EXP1,R2-T2,245.0,57.31706569611517,19.82026832340178,452.277116983678,6.268869382633382,1.688800890404623,0.6756805259861423,25.582249466921436
EXP1,R2-T2,287.0,57.33255988376804,20.219551001447332,461.2119817095095,6.274945254149484,1.7211026743489126,0.6940975876833999,25.271710702136996
EXP1,R2-T2,238.0,57.759170937162295,20.359200082442094,457.7103287211164,6.242843586526903,1.8346464605347148,0.7097459490137147,25.23644478803573
EXP1,R2-T2,258.0,57.20119629748591,19.784745927988777,461.47242773659656,6.277941851153296,1.747793897373596,0.7252803225058528,25.261680972866287
EXP1,R2-T2,234.0,56.95135365880734,20.206858634516152,456.99781470932345,6.287700258750877,1.743533311898672,0.7282489420382396,25.04925406317867
EXP1,R2-T2,235.0,58.2870986553821,20.075644834785976,459.86237194950195,6.262783211472267,1.7704333944138637,0.695787160564372,25.422166823172187
EXP1,R2-T2,273.0,57.26020747157077,19.555762874041836,456.30967540554354,6.261894862084925,1.67466439572961,0.7063369315035698,25.340154327949858
EXP1,R2-T2,254.0,56.78973521196909,20.046157373313036,454.02022029871546,6.236326814678979,1.7932968453085487,0.6968507379456564,25.466115280858
EXP1,R2-T2,235.0,56.80618805585869,20.05267829599393,456.3583628766373,6.288858000744203,1.7669554962981058,0.7244998831128688,25.241111345662176
EXP2,R2-T1,333.0,58.144757084924436,22.326921173062086,456.0912283359815,6.228865310598292,1.8461232418119486,0.8808294576382072,24.29333216013323
EXP2,R2-T1,342.0,58.21191763119644,22.491065033254003,459.6580154207135,6.223461174272818,1.843248062466156,0.9018631575720297,24.310455013226235
EXP2,R2-T1,327.0,57.37025691353344,22.38258450300605,454.3560038811791,6.222653639121889,1.854348376478858,0.8845801333151487,24.176987879610888
EXP2,R2-T1,324.0,58.17231509064189,22.62212053121311,456.8026800881233,6.244899639585746,1.7228662014090346,0.9205744883157742,24.061340842384055
EXP2,R2-T1,280.0,57.4497758372807,22.347634478440746,457.1968634715867,6.25459447744425,1.798487237959638,0.9229641401236095,24.02974231393516
EXP2,R2-T1,368.0,58.78350302691927,22.913749773086664,459.1201325433011,6.239008764075049,1.6941728995141148,0.8726013836223974,23.93460054939737
EXP2,R2-T1,335.0,57.50098589128735,22.301050326360507,456.83788325277243,6.220229197818966,1.7066620086587019,0.8978874708829793,24.136263418279498
EXP2,R2-T1,290.0,57.585991238847754,22.76812103526603,450.5781014282975,6.226270058711363,1.8336267189448707,0.8550927583212431,24.29260096073891
EXP2,R2-T1,325.0,58.03086136338541,22.166020667047395,447.89537657251407,6.214948482791923,1.7600523419583902,0.8915998483383802,23.889972921317675
EXP2,R2-T1,347.0,57.863742702174115,22.423604851539718,451.68744706219593,6.252955339982708,1.783060191699872,0.9209862755798487,24.249243127101067
EXP2,R2-T1,330.0,58.22653689789907,22.39106810665399,459.82859421995767,6.268652047637324,1.8213389995348954,0.9044518847640213,23.947931913114754
EXP2,R2-T1,335.0,57.67504438716373,22.391398645302772,459.0759249137023,6.268905749687854,1.809165166852093,0.8812072390884526,24.064525238981588
EXP2,R2-T1,328.0,59.29978347043932,22.56996136463195,448.78334060589714,6.217999692542692,1.8006989014081454,0.8789453344584138,24.071892292785446
EXP2,R3-T1,249.0,57.706580875528196,22.624086655092505,448.1284526453464,6.281657636913724,1.9118795882744786,0.9335895740907675,24.221977170896373
EXP2,R3-T1,309.0,58.47422903080881,22.193508564537225,449.17937066386526,6.257541940619235,1.8319500331274683,0.9907436007098781,24.110925567876134
EXP2,R3-T1,282.0,58.39384901036304,22.061247725201774,450.0276684141589,6.263673983701108,1.847564063592001,0.976735956031747,24.235410149789534
EXP2,R3-T1,320.0,57.12008610548431,22.839494579900194,446.28573522555035,6.276491506826296,1.9299263883791191,0.9485589046784607,23.96071083527399
EXP2,R3-T1,325.0,58.36008941413183,22.67155528075882,452.5557025535199,6.228359493566278,1.8852869999971802,0.9611136874460644,23.90903812641825
EXP2,R3-T1,311.0,57.769894884094974,22.46008970871979,458.34205790926126,6.269995186031717,1.8553110549229535,0.9612979512536519,23.966342410601143
EXP2,R3-T1,261.0,58.3958352122239,22.643877119978818,458.71098991699597,6.270968746681815,1.9848782203003688,0.9357013923893506,23.81120901334908
EXP2,R3-T1,249.0,57.81878069884532,22.54108253961351,451.3512458065004,6.2360987481136965,1.813263478875411,0.9448112216494711,23.96018267630907
EXP2,R3-T1,314.0,58.19156304606274,22.403707907120257,458.68266797285,6.257327606632891,1.8754931005510418,0.9794523788534818,24.023675599366207
EXP2,R3-T1,227.0,57.19964091944621,22.713767954292262,448.82054935619266,6.25582030160945,1.980346945254829,0.9180291053599293,23.703499208146468
EXP2,R3-T1,370.0,58.19816513299006,22.506437677393976,461.28363431217787,6.280861948403093,1.9160086710620567,0.9291769480397263,23.836473341049455
EXP2,R3-T1,287.0,57.87365445440187,22.47415350986371,440.3823496471331,6.267446967448816,1.9035265518181106,0.9560444403489999,23.680976145480415
EXP2,R3-T1,292.0,58.232597095479036,22.30774050153844,441.62501474882043,6.258226614847831,1.8585724942539747,0.9689685153837602,23.86548976006156
EXP2,R1-T2,372.0,58.62517703527361,22.306941309296775,453.8395643961809,6.231588170808426,3.1615940764132384,1.5965003213242546,23.584722721159967
EXP2,R1-T2,307.0,57.594194672335355,22.615579058177463,459.10436340888714,6.237211142732954,3.1252474430399406,1.6472333321903752,23.770045003769564
EXP2,R1-T2,292.0,57.773544127585104,22.558259774360035,456.4187758655594,6.16222595360167,3.210022338242887,1.6098844970327584,23.686557568163227
EXP2,R1-T2,366.0,59.022434120047215,22.448764449479814,452.34994146764274,6.189298823187134,3.1699118619760203,1.6410263688748212,23.85795235517408
EXP2,R1-T2,348.0,58.58391613307187,22.605447799262976,456.75288792518637,6.197373306719587,3.270381870083741,1.596153330695977,23.741385288171337
EXP2,R1-T2,384.0,57.223392782912185,22.733118447304463,450.5586078640873,6.217141706078592,3.237594004809263,1.615352170903157,23.87201431777332
EXP2,R1-T2,361.0,57.658955621104795,22.003240220591376,454.5471373338159,6.228524527340205,3.193950591116655,1.5821718523047332,23.592131437935212
EXP2,R1-T2,367.0,57.32816383208766,22.67947929474561,448.46862725460977,6.231138286246606,3.281020228951633,1.5930508604073321,23.78456359719914
EXP2,R1-T2,305.0,58.180081830829145,22.633943081645096,458.1525513324397,6.214871938848761,3.195826889701448,1.593518619185358,23.599397422005378
EXP2,R1-T2,352.0,58.25871547513048,22.61406395102877,456.772981058456,6.207841769380939,3.221918814197712,1.6336625930076114,23.88402879358671
EXP2,R1-T2,300.0,57.91043879914772,22.200155246841728,458.3726566412773,6.198916600739499,3.180972448866895,1.6096798678106317,23.752697837765773
EXP2,R1-T2,312.0,58.12009522388647,22.479110149474455,462.6445100787995,6.232307220496935,3.2288171382605673,1.6237016380534612,23.724009626215583
EXP2,R1-T2,338.8333333333333,57.878982149022065,22.563561185782902,454.2526081713065,6.210457162566685,3.107146906395676,1.5803734590166691,23.81103038940736
EXP2,R2-T2,292.0,58.23381638332671,22.55151179944621,454.75290553530635,6.216722675178848,2.3199850338163537,1.1530703197452197,24.102244466258675
EXP2,R2-T2,311.0,57.219657578484146,22.55422485378983,455.37687565532434,6.24424206930443,2.369794497253957,1.178894735826575,23.929569194660303
EXP2,R2-T2,363.0,58.058276294287666,22.456749277158988,452.9052298283359,6.201110894893323,2.2542956561314536,1.1388159133164857,24.42838071533527
EXP2,R2-T2,394.0,57.55956142234489,22.775575807284522,455.7228304208226,6.231971583033989,2.317085087517808,1.1099432760504326,23.91421578416578
EXP2,R2-T2,408.0,57.66951572279243,22.736615862516775,451.21917647860136,6.213317266439939,2.2883968487156348,1.1411825225912733,23.617506765547443
EXP2,R2-T2,346.0,59.01455665572867,22.534942511359446,443.5345596299153,6.200599849016514,2.2264110292326746,1.14728023485125,24.32951108551464
EXP2,R2-T2,400.0,58.715625056328186,22.53678933145323,459.81839210238456,6.241091526055487,2.3285927349390145,1.162654819339504,23.820664771934762
EXP2,R2-T2,375.0,57.629547995268425,22.405861618699298,454.13863367800917,6.246840864723179,2.3563284875693307,1.1370467018609707,24.101086535387463
EXP2,R2-T2,412.0,58.00748907198044,22.336553318018044,450.4847685051706,6.252166563840273,2.2736285235688634,1.1582352161364966,23.992205687583567
EXP2,R2-T2,345.0,57.51436519513972,22.489275150109282,457.73543644352753,6.189313030590795,2.407170419829497,1.1937456288716306,23.97800761326359
EXP2,R2-T2,376.0,56.82687226108344,22.605573151180536,454.5649574044903,6.196878036695764,2.382401091343504,1.1512899834357984,23.760202170813713
EXP2,R2-T2,374.0,58.554445206689806,22.304929716564345,452.75944628165684,6.211439264548789,2.310386032711401,1.1579566762094209,24.039664122063986
EXP2,R2-T2,366.3333333333333,56.99002355158029,22.59761532012408,453.99248554511206,6.202170909938802,2.327359499279043,1.1624551669075462,24.049011175661583
EXP2,R3-T2,377.0,59.10777210651436,22.368602239960477,451.04553445263844,6.230892911083818,2.2236776037865313,1.0707392009221093,24.749858053343292
EXP2,R3-T2,391.0,58.66095590984682,22.130213466920658,445.3364922938942,6.187926170429904,2.11717093183182,1.0636903338751418,24.39631610878122
EXP2,R3-T2,368.0,57.33255944652868,22.52619459208003,445.2475264929454,6.234748730790354,2.222985192690916,1.0600160281295683,24.57403680708968
EXP2,R3-T2,308.0,58.66547952332461,22.486917623601457,458.70017735602926,6.267630373171289,2.1465244419384097,1.0811006913065113,24.383027534552557
EXP2,R3-T2,294.0,58.416354755471616,22.599947475303154,453.4583229337077,6.223171248770496,2.2293751752595403,1.0753277498644118,24.65301181790163
EXP2,R3-T2,334.0,57.66285234949115,22.35715192876921,463.2731006185679,6.231580474729325,2.1423539395710374,1.135243849938951,24.794364713119176
EXP2,R3-T2,353.0,57.49929891389385,22.192493572597442,459.00097670316904,6.181093280249773,2.2072417457102826,1.0787836494888312,24.19684034299861
EXP2,R3-T2,368.0,58.417018053965386,22.561327259496736,459.56665513751346,6.212522721237956,2.1274884523941013,1.1109662324805538,24.93616980163662
EXP2,R3-T2,313.0,58.875478762016826,22.306589753628067,442.3791379002759,6.2063386197167825,2.154933838837329,1.082900686297721,24.695921169326294
EXP2,R3-T2,348.0,57.61216695498019,22.723322299611887,449.6845727163371,6.214316024231126,2.1282227178390425,1.079869190389818,24.2041469499205
EXP2,R3-T2,321.0,57.94328702730571,22.869481464194962,456.4097696407898,6.225036803941526,2.159897587253054,1.0770142985219828,24.685643772217585
EXP2,R3-T2,300.0,57.95079178495366,22.777542507308887,454.9444704153657,6.210318702841669,2.2109153376420814,1.123157626599897,24.64790600434091
EXP2,R3-T2,339.5833333333333,58.22289479134664,22.748029276491007,450.1165910511069,6.21076193108693,2.1182307311748967,1.0853562844487756,24.565779807671998
EXP1,R1-T2,279.0,57.86057791172453,19.578256002478216,459.03349254023254,5.955457511645062,1.7691775347279435,0.7000895089444851,25.807473158941004
EXP1,R1-T2,219.0,57.123133366594935,19.792342612004475,454.6353990084468,5.938955319745509,1.7952528614492134,0.7359649004974311,25.83863661780282
EXP1,R1-T2,244.0,57.51346987151436,19.90899607296951,455.0092398057683,5.949256248646838,1.7665552422735782,0.7325409986395813,25.73285303967139
EXP1,R1-T2,304.0,57.5349714213362,19.980391989941722,457.92846920559236,5.965258542491742,1.8068567387060268,0.7249575163083392,25.52132595108054
EXP1,R1-T2,236.0,57.65455435833079,19.686247953028907,455.8409340735871,5.955308339578973,1.8856045467823546,0.7034291849845208,25.80518996880368
EXP1,R1-T2,236.0,57.18596230926465,20.148771581747905,461.61302453676245,5.958728431022742,1.793521022053956,0.706256937118304,25.879931854573677
EXP1,R1-T2,150.0,57.715132069451236,19.823101080778358,458.77266137470684,5.951540655907286,1.7679849050050434,0.741534563988953,25.536008606287243
EXP1,R1-T2,192.0,58.06155985231908,20.03133354061824,443.5906974358484,5.955820966304463,1.7792026636648457,0.685153463264985,26.087697371150078
EXP1,R1-T2,230.0,57.942637987374866,20.107675762481847,454.53905375805556,5.952083694666264,1.768702923094512,0.7326052271582184,25.950124870381476
EXP1,R1-T2,269.0,56.82965311008731,19.9697027955178,454.90893533700563,5.90553076826397,1.8683431716860508,0.7060494775613642,25.67022443387254
EXP1,R1-T2,281.0,57.510983469481175,19.631593581143274,459.2371843200021,5.910825989416619,1.8575929132366291,0.7119841960621792,26.10815579084007
EXP1,R1-T2,229.0,58.20681576038917,19.499893128162277,456.1968884061839,5.9355125964728455,1.8111500155817548,0.6975651750485294,25.713111460183985
EXP1,R2-T1,207.0,57.5968938264179,19.8578619202358,462.0306214014905,6.138405402777541,1.6888536888267964,0.7236282795697685,25.492735580741062
EXP1,R2-T1,264.0,57.49016124297575,19.855997510489292,458.04843069579596,6.154064841792195,1.773716890275015,0.7124299524893611,24.950947007389804
EXP1,R2-T1,250.0,57.435893257231584,20.061625190917542,451.236077809963,6.143414466715279,1.7844656090977686,0.7135847596637989,25.44649149751727
EXP1,R2-T1,275.0,57.302938534414636,19.817095073580052,453.4183586830459,6.145761974984397,1.7821404643045649,0.7213596190544038,25.338155360324475
EXP1,R2-T1,220.0,57.28607094898975,20.01975645827151,461.93338714115174,6.1709865417548855,1.9154173731443371,0.7135714113090784,25.431293175603034
EXP1,R2-T1,250.0,57.04469761807901,19.9897057201848,445.49648657753875,6.1502641799220505,1.8028062565697969,0.6788224723563749,25.134459155989592
EXP1,R2-T1,270.0,57.28780794986111,19.81590066051144,457.99345239025064,6.134772058624878,1.7989331314549806,0.7106119421654663,24.943672163072122
EXP1,R2-T1,244.0,57.794554528653336,20.039288097866432,453.56534748073983,6.164516590199041,1.7769065240622655,0.7387218091264165,25.429723587472196
EXP1,R2-T1,282.0,57.14809487084277,20.189112485091353,462.7691799794123,6.147316165773226,1.7356592311587002,0.694854175460734,25.138835891041897
EXP1,R2-T1,202.0,57.08015307570306,19.763209028239597,452.7132804877526,6.161055587750274,1.8053752210151077,0.7342326179290428,25.354380199897424
EXP1,R2-T1,200.0,57.67407498453295,20.019590042416986,456.1427297592333,6.168616846361154,1.8512579679912309,0.7644961071946973,25.080000133183955
EXP1,R2-T1,207.0,57.80176460025025,20.002970543412033,448.2175970854046,6.108399368585577,1.8652209482602018,0.7172182087713411,25.73948464700774
EXP1,R2-T2,270.0,57.68752958782759,20.67905699547931,457.0314928164521,6.272803384669632,1.668424880755877,0.7147240136034145,25.60064435163548
EXP1,R2-T2,292.0,57.84326909559509,20.04594714549574,465.1926613019889,6.259721981151717,1.7701850003512578,0.6787121724254569,25.645458421515073
EXP1,R2-T2,193.0,56.917345173720165,19.96845380460809,447.36031391648874,6.291638648430977,1.7700926579924587,0.6975598298236648,25.46352007003747
EXP1,R2-T2,245.0,56.255500053261535,20.01821346571403,457.6940206285007,6.2693898051312695,1.8202398038337075,0.6981039335031931,25.278528857337903
EXP1,R2-T2,287.0,57.55956470637081,19.998543264248443,461.5593858026722,6.2988168904308655,1.8213130899990406,0.6974251461909057,25.721856388819674
EXP1,R2-T2,238.0,57.504872283415814,19.924073409578558,453.043640308783,6.26335965158708,1.7182472298668463,0.7223443096283353,25.700060007268483
EXP1,R2-T2,258.0,57.15847065409323,19.86005245835642,454.15056666699843,6.262518304492036,1.820613157984501,0.7181602377914703,25.41711214790881
EXP1,R2-T2,234.0,57.32705946214395,20.000343813103083,448.4053006486376,6.282562518176591,1.765738051927983,0.7026983513471091,25.77214395579763
EXP1,R2-T2,235.0,56.634358719184455,20.134691302156153,452.69487533424456,6.312430142407917,1.7942436376516646,0.7087089845457838,25.154438605507377
EXP1,R2-T2,273.0,57.26779176946775,19.85727348457408,451.3887900820746,6.281596738299649,1.7072996425172624,0.6981543715233203,25.795718308602794
EXP1,R2-T2,254.0,57.07710833110968,20.051898964874603,455.9640279884698,6.268013494005546,1.7560503991032212,0.6866282392865314,25.789892842752007
EXP1,R2-T2,235.0,56.857572800640774,19.9987753235393,464.74403138515447,6.273551624731543,1.7451313398139126,0.7223673845002752,25.42596001962332
EXP2,R2-T1,333.0,58.68644496265271,22.268082600690878,450.327626188611,6.235285583995688,1.7864601974499794,0.8971273293815236,24.342242488264674
EXP2,R2-T1,342.0,58.45918019513939,22.32191651044098,458.7900093352618,6.214965624429803,1.7633095692088268,0.9211426672135077,24.585689322582585
EXP2,R2-T1,327.0,57.22295837473749,22.8121859327235,459.5204779275841,6.252842950328303,1.7691251364707217,0.879372698770488,24.20075475914347
EXP2,R2-T1,324.0,57.372621710807806,22.70345700170193,468.6735530102989,6.2152593201746225,1.7146763611588263,0.8835059520270552,24.239437676337168
EXP2,R2-T1,280.0,58.82240153334989,22.699424280561328,453.04003750559684,6.235817935625543,1.8031632919769722,0.917688625766206,24.218283523762373
EXP2,R2-T1,368.0,58.113028880915536,22.64981958209733,451.39898595875064,6.226592964296456,1.7658305035757558,0.8681360049016376,24.668581190668675
EXP2,R2-T1,335.0,57.88736361807099,22.697033857019857,460.8525891825394,6.230741219262416,1.8011536288742058,0.9026231770740042,24.419853490853814
EXP2,R2-T1,290.0,57.86720478135477,22.528938308252723,459.1873479318533,6.261546319937604,1.7715804166389895,0.9101416339132757,24.23579882927253
EXP2,R2-T1,325.0,58.02305976624409,22.778836898736454,457.8300726614852,6.241688187949663,1.7969413001997923,0.8854884055630795,24.171619193366784
EXP2,R2-T1,347.0,57.78797910803481,22.49006173785681,459.9624523659303,6.248749979750267,1.8364962218323138,0.9043171885000865,24.320847466535263
EXP2,R2-T1,330.0,57.56169781365164,22.44407405872625,455.3478889870085,6.258085671622343,1.7490726241307772,0.8524604742881293,24.402173451707597
EXP2,R2-T1,335.0,57.87815165270258,22.51897751712173,453.02631614980936,6.235605028202691,1.8063802737011114,0.8665131320229645,24.03737938284537
EXP2,R2-T1,328.0,58.2226984729666,22.899195771096814,443.6850367752322,6.198892312493581,1.8102414218521001,0.8472009760234158,23.853136242606773
EXP2,R3-T1,249.0,57.71467006474261,22.753790658310212,452.2286847721402,6.263088017955601,1.9061457052089508,0.9613465765951981,23.901991788426738
EXP2,R3-T1,309.0,57.7862994667852,22.507425079882818,456.02630881450716,6.256693973207682,1.9338897498030057,0.9350329290968776,23.77517339123437
EXP2,R3-T1,282.0,58.08746961028747,22.62455734446289,456.15706610330744,6.250092581699476,1.9552613919294464,0.9255370828360515,23.915737833609246
EXP2,R3-T1,320.0,58.236330364961375,22.562973971364144,452.2263092481968,6.220584420625967,1.8759472302254814,0.9732246418258489,23.683262738385988
EXP2,R3-T1,325.0,58.33285357295869,22.21016456444213,458.92309664932924,6.266874784876472,1.9461151922883324,0.986709404531018,23.90589103224979
EXP2,R3-T1,311.0,58.18138184155361,22.966776036314847,455.023190244017,6.28498600770357,1.8660468829504588,0.9441735297167955,24.15954420671319
EXP2,R3-T1,261.0,58.36149722472886,22.953134085969182,449.3851022686927,6.266187818736116,1.8471185437881583,0.9501343662960147,23.55826360210065
EXP2,R3-T1,249.0,57.89818999712825,22.703443485047963,453.5529378608078,6.275766312703195,1.8773068146239964,0.9498605581111014,24.26393113162027
EXP2,R3-T1,314.0,58.41426174499694,22.923313379931457,451.8877482633182,6.2909577979707105,1.8265298000286547,0.9605328455575385,23.86146617442077
EXP2,R3-T1,227.0,58.04303585496614,22.46311937847106,457.34777626446015,6.240579802001839,1.9183545391186392,0.9808223914652254,23.79025703686667
EXP2,R3-T1,370.0,57.27440788890924,23.023300136042828,466.29149702136584,6.286536897729232,1.833543772313986,0.9549235583678257,23.563480094777788
EXP2,R3-T1,287.0,58.54238556400891,22.164095925033532,448.3683056828802,6.271903618721696,1.8986425831533829,0.9688531561438338,23.85149442943455
EXP2,R3-T1,292.0,58.73566379352231,22.407618583641305,461.1224545615441,6.239226926450371,1.844077745548733,0.946371518446281,23.939921326509015
EXP2,R1-T2,372.0,57.71199539136547,22.39459078476328,457.33032848308704,6.198426146762592,3.279738595124793,1.5982099900376572,23.61906823363462
EXP2,R1-T2,307.0,57.46541335737573,22.976918095489392,458.00738545856666,6.218166305241717,3.227569397661546,1.5997038374266408,23.813798917511484
EXP2,R1-T2,292.0,57.47792978311597,22.47591944696544,446.3432534117773,6.197799531522657,3.207885619701902,1.572121210347854,23.718968494622604
EXP2,R1-T2,366.0,56.94861002775974,22.31734357051874,464.7046927171937,6.182237332357183,3.1427411776732086,1.6077934720174922,23.836729910459088
EXP2,R1-T2,348.0,58.37180548412963,22.126222069013043,456.4977914910533,6.18329938698658,3.2544128711554863,1.6015191234038648,23.814614612514266
EXP2,R1-T2,384.0,57.7073325428604,22.43702466835504,453.04661770669503,6.2261048567617365,3.188745074614765,1.5996030067284364,24.05781694871309
EXP2,R1-T2,361.0,57.48729205950092,22.625252576462177,460.00508377075994,6.19935781968611,3.201851739089362,1.6249133380895306,23.84750388164445
EXP2,R1-T2,367.0,57.97025223025438,22.448603279875947,457.51005055611023,6.185917494807328,3.291323348675644,1.5815352179238462,23.850392897993807
EXP2,R1-T2,305.0,58.16664321468309,22.490225594123043,445.6841647109689,6.21086437695125,3.1802929393086377,1.620407820601075,24.030201793863917
EXP2,R1-T2,352.0,58.33348173541562,22.601926476990332,449.9190445591457,6.2302359994441785,3.2560744962799095,1.5932384451820487,23.50864170009664
EXP2,R1-T2,300.0,58.55232644912538,22.468183795523288,448.8262861807244,6.217864078306906,3.2781513513966307,1.645033604546374,24.101205961221307
EXP2,R1-T2,312.0,58.400489466275275,22.754646988851054,445.168081715852,6.200803516738832,3.219626764991373,1.6105487686934468,24.220225592785468
EXP2,R1-T2,338.8333333333333,57.95409198175562,22.4925830078053,461.2155875873308,6.192658263576456,3.2174966155393294,1.60316614370968,23.85059596542764
EXP2,R2-T2,292.0,57.64781141597128,22.632310221548327,452.8102719616215,6.1908820874587684,2.3790152327988956,1.1840529680022518,24.067610015774235
EXP2,R2-T2,311.0,57.456240927277484,22.79599001389215,456.89517987967184,6.2087511580612444,2.2974849283394967,1.1735866556087775,23.751690315853924
EXP2,R2-T2,363.0,57.93673485332509,22.723809435336374,449.025095480315,6.226544635241527,2.4155722641464807,1.1667434722096028,23.837958855462432
EXP2,R2-T2,394.0,57.73070466694439,22.287206638044307,456.123474865024,6.233412329737061,2.332036136062005,1.1581045906822414,23.847454847222338
EXP2,R2-T2,408.0,57.61586294875714,22.27294924611199,457.323270224865,6.212867310145688,2.368043777055587,1.1953957490220692,24.009862388698995
EXP2,R2-T2,346.0,57.80943728458133,22.47738710806435,452.70829532407583,6.194351339822704,2.3201919452360213,1.183176601213816,23.872475854521845
EXP2,R2-T2,400.0,57.556150260473835,22.583152754930385,447.83750617449186,6.19636390578531,2.368953250964241,1.159012377379746,23.76782553763668
EXP2,R2-T2,375.0,57.486028821667404,22.626825745107638,454.626002915472,6.190732842154493,2.2871054401914934,1.1079687579578157,24.153527166659256
EXP2,R2-T2,412.0,58.635146283222916,22.41184360295712,450.46141182418495,6.189116935033602,2.3826051386216256,1.183977836337015,24.144076353025834
EXP2,R2-T2,345.0,57.92782262072694,22.287345132477675,450.1550573202865,6.183363509064058,2.3313155822620275,1.1987833919856603,24.027565634319075
EXP2,R2-T2,376.0,58.477542165748496,22.222157310094662,461.5039720189536,6.201906710632243,2.270356217642738,1.1533778193188657,24.05430802497529
EXP2,R2-T2,374.0,57.64916104702359,22.669371033150632,444.8362872949269,6.220133142641027,2.3561490251977695,1.1454308789430108,24.097343066301953
EXP2,R2-T2,366.3333333333333,57.60430196582685,22.229380016579263,459.7923538745675,6.2129453315079335,2.3497510573957876,1.168693253351938,24.007564220126913
EXP2,R3-T2,377.0,58.3780233765097,22.72499832620348,458.9795087085182,6.230647345762636,2.1758632815660244,1.061902403248204,24.09799650891651
EXP2,R3-T2,391.0,58.21658284654872,22.40652478444727,455.9446095952896,6.214633742090971,2.188431935047509,1.1173963181875586,24.647667536905537
EXP2,R3-T2,368.0,58.064296344462406,22.556371306880536,457.6322541148826,6.189790915159371,2.2860459831014097,1.0794081915406766,24.59167288018432
EXP2,R3-T2,308.0,58.57500146188522,22.324377682732948,466.3847703274633,6.230915452024632,2.2337361217620293,1.0524180083838952,24.566209052536557
EXP2,R3-T2,294.0,58.205166246754715,22.926876660108146,449.7580877428058,6.204613375186697,2.203315156508432,1.0906312796038053,24.401109366298783
EXP2,R3-T2,334.0,57.77449799175606,22.25782571122648,456.5468952484833,6.218323366239065,2.1581903477925817,1.0755283353643394,24.790055711687142
EXP2,R3-T2,353.0,57.49284059470726,22.415713507857948,458.3834352090202,6.154361305374545,2.1215734916320015,1.0799314139260072,24.83496254946912
EXP2,R3-T2,368.0,57.931914307667085,22.407469764921085,444.8136686576597,6.232688109194929,2.1252326732842977,1.08646074900091,24.486319274213034
EXP2,R3-T2,313.0,58.073177006651036,22.819971839278118,446.29439075363183,6.189417172852124,2.1355755716024203,1.12723080146954,24.61249856738099
EXP2,R3-T2,348.0,57.51666777382255,22.65642014248655,454.458756065403,6.215787984022654,2.2234423172927875,1.087847005532626,24.477916996880747
EXP2,R3-T2,321.0,57.90094871422534,22.600299433399776,451.37838159837855,6.2350766198270895,2.197651741589946,1.0812446153025101,24.2689563650084
EXP2,R3-T2,300.0,57.57682623810112,22.526594366222756,453.3255153822051,6.184723929315599,2.158003759185669,1.0947717769555112,24.30382078391275
EXP2,R3-T2,339.5833333333333,57.92759216756799,22.58676337689465,441.8795611342226,6.210941715531846,2.1927353166680588,1.0856348772646947,24.358761724825566
EXP1,R1-T2,279.0,57.57034477736142,19.65689830154352,450.621095767494,5.939940091037332,1.7688675162618412,0.7180680185548375,26.020264907119206
EXP1,R1-T2,219.0,57.57180785401886,19.96543753387469,452.4923449213268,5.944639179831556,1.7942725347251565,0.6895028556765387,25.745239162814595
EXP1,R1-T2,244.0,57.81563720882365,20.099862340932596,452.37739818058935,5.927635758310006,1.7810826812146843,0.7053220127555602,25.42667573509975
EXP1,R1-T2,304.0,57.05457253212639,19.98704013028007,460.85430111903287,5.939429568523336,1.8331264798838964,0.7394088690264623,25.96081687379718
EXP1,R1-T2,236.0,58.086555867895186,19.51221036003718,454.4266791354906,5.984850607557246,1.8394842146255272,0.6955856129528515,25.664092716748012
EXP1,R1-T2,236.0,58.092995023092584,20.16915148900608,459.45094689505885,5.91944549376009,1.778553871172328,0.7235321356451478,25.82259828274465
EXP1,R1-T2,150.0,57.780144649986426,19.808785295773262,454.9466452903313,5.907594022163353,1.8561950495169026,0.6935522433388663,25.873378301240166
EXP1,R1-T2,192.0,57.27212943739361,19.97614519663393,455.27359092425854,5.8950521487976335,1.7984636828587879,0.728646991911528,26.03679531508824
EXP1,R1-T2,230.0,56.51834920200347,19.979160356048165,454.90974531739755,5.953222038018516,1.7852551583244984,0.7553544330280902,25.36526990356034
EXP1,R1-T2,269.0,57.595227088265894,20.020465954329296,452.35599382956207,5.958191067617914,1.804454506211616,0.7196225813478062,25.644533739150265
EXP1,R1-T2,281.0,57.40899521072598,20.14486803191941,455.0795520776369,5.969672466957928,1.7390920448480063,0.7220174697250382,25.65091788097364
EXP1,R1-T2,229.0,57.4917293440528,19.511104934789493,456.0548429408875,5.934255658553791,1.7945524988832098,0.7408515199039175,25.67502227665584
EXP1,R2-T1,207.0,57.778123561636036,19.68963669605763,458.0619498572055,6.186977697057883,1.8262608654471455,0.6900716276892835,25.063690150937873
EXP1,R2-T1,264.0,57.38815876664917,20.02040704441862,456.2885408872673,6.1683207415824794,1.8251590846071264,0.7221147870125331,25.310375329391192
EXP1,R2-T1,250.0,57.14033007744658,20.21991173977352,460.55413014757306,6.16282307952219,1.8384238079512685,0.7461871778232344,25.229480973240086
EXP1,R2-T1,275.0,56.78128060365411,19.94252070894165,457.7085193759968,6.114505037803311,1.76320204599399,0.7200548648199798,25.47277155865607
EXP1,R2-T1,220.0,57.09023673754341,19.76135097085402,456.76240928542825,6.191269489704085,1.7448583866804317,0.7129817906708992,24.89545145641383
EXP1,R2-T1,250.0,57.43875463504987,19.547347540428767,449.27313819296097,6.154418217854114,1.7149120493633512,0.6851465007603904,25.164877550587743
EXP1,R2-T1,270.0,57.501714597621486,19.949083244946685,457.8701079140109,6.137406069869976,1.808423380662285,0.7209137071855042,25.410913614205427
EXP1,R2-T1,244.0,58.43442557203202,19.946306951157002,460.3265593129344,6.1748078665170905,1.8510231962442658,0.7373748045509898,25.287479681906884
EXP1,R2-T1,282.0,57.327927107253515,20.0512098312754,461.0209221322642,6.163753246496322,1.798701743907731,0.7478271787929496,25.172402361339582
EXP1,R2-T1,202.0,57.695994648386446,19.788568336550984,455.99568212907946,6.126173000928575,1.804835531052533,0.7151799510043548,25.091387108211144
EXP1,R2-T1,200.0,57.89114769078434,20.030970016768755,467.20697733300074,6.161226768189774,1.797786831731067,0.7284074031795152,25.089873005824778
EXP1,R2-T1,207.0,57.52570283225347,19.930530353920854,463.0523504384282,6.1366631992750715,1.778087223010568,0.7207226500428675,25.259219913689087
EXP1,R2-T2,270.0,56.18484099744849,19.716984594629867,455.726466034983,6.272345915518981,1.7637044894842744,0.7270305973698472,25.566886448483615
EXP1,R2-T2,292.0,56.72404200041833,19.998388844516658,446.24591571159976,6.264085625946467,1.7282011198426364,0.7266309354002497,25.504979844810528
EXP1,R2-T2,193.0,57.44340917228021,19.852503380430296,439.16101672999963,6.2770254159087155,1.784891283861385,0.7231963725582053,25.657544011876247
EXP1,R2-T2,245.0,56.868773400235796,20.10354866968265,465.2087897950624,6.29186730474901,1.6955844361924306,0.7502890194291428,25.119283281849704
EXP1,R2-T2,287.0,56.802023964304574,20.01251537900718,459.62641649782194,6.276868479364618,1.7102101658202506,0.7042969647685366,25.551246303258687
EXP1,R2-T2,238.0,56.747683474494835,20.077260611655625,457.741625289142,6.287806265525523,1.7275513503200355,0.7048173288668149,25.623997866534882
EXP1,R2-T2,258.0,57.83179533919137,20.133617611712488,463.46027869195626,6.311987275948387,1.7813127811962581,0.7164370168964138,25.39554562113284
EXP1,R2-T2,234.0,57.29334846070782,19.571516364273638,468.669962196765,6.255368714894447,1.737697881493766,0.7107654932708085,25.92829135880492
EXP1,R2-T2,235.0,56.96026869438555,20.13572240711914,452.14129975232083,6.299833028373195,1.7533925492118092,0.6910861164860735,25.38058520629979
EXP1,R2-T2,273.0,57.12890225975923,19.70050744500117,460.36558335670776,6.291194007504566,1.8176179150993714,0.7319697990897585,25.360905298006738
EXP1,R2-T2,254.0,57.678704022893136,19.991877544209373,458.26232980244794,6.266928898532459,1.7299231335482994,0.6778720613353659,25.34942364265415
EXP1,R2-T2,235.0,57.98691258835122,20.070537061973695,449.44901583348684,6.303145813493857,1.7701304435947434,0.6999656292670567,25.62328425035842
EXP2,R2-T1,333.0,57.71421574482273,22.712637821659523,450.51265899630056,6.21103037020747,1.7820926329730207,0.8693580976011037,24.611107742131352
EXP2,R2-T1,342.0,58.41294225851789,22.241311534951894,460.56262199421366,6.245885419245689,1.7810052008869925,0.872361508744298,24.21730989175497
EXP2,R2-T1,327.0,57.940245304716804,22.428023712899424,456.4411949822758,6.227102590744158,1.8396007856470595,0.8783959651234752,24.182257479607603
EXP2,R2-T1,324.0,57.61168031478819,22.61081970986494,462.9604833389531,6.2236152997542495,1.812636956849666,0.8847968466674333,24.17362902477297
EXP2,R2-T1,280.0,58.43900453741622,22.268937804803063,448.8382849399827,6.237448980819627,1.826923569757654,0.864198974194178,24.13260389282581
EXP2,R2-T1,368.0,58.47893333361077,22.402947332411987,454.8123831258169,6.232446744839596,1.7939669832577079,0.9033794886944398,24.289582950040167
EXP2,R2-T1,335.0,57.7299958093692,22.88218022274303,463.92135812754645,6.217806093202687,1.8200807285566345,0.882926997328618,24.481568570171586
EXP2,R2-T1,290.0,58.090866520875316,22.271912227632626,452.4628696726824,6.210568675558973,1.7955168077932828,0.8930521043803012,24.825362488954966
EXP2,R2-T1,325.0,58.186258978363476,22.53204744811171,464.2309385037631,6.221663362843874,1.726842517599012,0.8744749625998065,24.327669277372188
EXP2,R2-T1,347.0,58.91267953314549,22.472227097510025,457.1237086525681,6.264979028240741,1.8403413808170968,0.8819271866397431,24.622833344991342
EXP2,R2-T1,330.0,58.44608405238795,22.618818532177148,454.3965651545667,6.240407089104202,1.7779314830804878,0.8834735571418367,24.066309810357357
EXP2,R2-T1,335.0,58.3321642987242,22.429038018181256,452.2782795372308,6.231668097704788,1.7513071187937121,0.8958246499330993,24.0332516881904
EXP2,R2-T1,328.0,57.80344451862213,22.364342991679884,460.04188727523245,6.228300218261794,1.809966580105903,0.8721554065446805,24.019750766383225
EXP2,R3-T1,249.0,57.935746417722605,22.525611498880757,452.15926037154344,6.233720880774198,1.8958382486995153,0.9628891234490095,24.101424257490006
EXP2,R3-T1,309.0,58.2668768492296,22.369685967480898,454.63561466999965,6.244181933986238,1.873369438871174,0.9603981552533862,23.963526407397573
EXP2,R3-T1,282.0,57.05414437810901,22.862650220373887,457.1405417516337,6.286312901467107,1.8528025052798232,0.9321122211750975,23.76417852137879
EXP2,R3-T1,320.0,58.69568410416344,22.446086125867133,454.17571519167825,6.2721788745444425,1.8833276631972993,0.9763861166441438,24.047816506188212
EXP2,R3-T1,325.0,57.541989101858206,22.684765978214976,465.1371611159922,6.2773551105795695,1.8691667693333662,0.9108490196999751,23.683383882424426
EXP2,R3-T1,311.0,57.61966692484783,22.494092802331885,450.6552163177307,6.288774768231886,1.9451943527953506,0.9787087277010773,23.6875101058785
EXP2,R3-T1,261.0,57.74814778462368,22.549249231086367,455.6604307573505,6.278460022498167,1.8326835041624903,0.9538961519634259,23.820266762317416
EXP2,R3-T1,249.0,57.967121731410316,22.174063230266967,454.9360245773668,6.2810841470305485,1.904837225154493,0.9258145311422853,24.27175900103581
EXP2,R3-T1,314.0,58.472581822360546,22.07033646047872,463.27582181354563,6.2615582339274765,1.8360598680945333,0.952159117243741,24.25624130268823
EXP2,R3-T1,227.0,57.823968088781065,22.4571415095768,450.129651548224,6.243975408708015,1.9376613516523633,0.9449733103435779,23.659443117826793
EXP2,R3-T1,370.0,58.39804396044409,22.49772201638733,456.6213234828511,6.260416491336061,1.7935970667944845,0.9716198622137594,24.028408361812108
EXP2,R3-T1,287.0,59.13720419189433,22.209299169633535,452.9582083432166,6.267618290256675,1.872165609409606,0.9444894626030503,23.931984585343834
EXP2,R3-T1,292.0,58.03365477533535,22.593612546923605,452.0002920881848,6.245988565038621,1.9717499339337528,0.9712775464126427,24.03052483512302
EXP2,R1-T2,372.0,58.235978689718976,22.459004853766825,454.2544264184414,6.21902810793795,3.151925349631555,1.651241341002126,24.143466543532924
EXP2,R1-T2,307.0,57.988855810079734,22.490213560026064,456.3722305921683,6.215576476940708,3.224128617173967,1.5960983637674413,24.06540058899174
EXP2,R1-T2,292.0,57.90843594141415,22.568130712831703,450.99221787375814,6.1873711389043295,3.2137013375990713,1.6049714611076518,23.7335613524375
EXP2,R1-T2,366.0,57.46286413112203,22.42252616194404,452.1612571398629,6.192363385346031,3.2155210778964385,1.5842186570849521,23.984079127510945
EXP2,R1-T2,348.0,58.268522765814446,22.800560267319582,453.98446035944096,6.178690891877834,3.1483912123905076,1.5895599729543204,23.577329346549256
EXP2,R1-T2,384.0,58.491384627029475,22.680894433640344,453.70151660387154,6.198547421338372,3.229338773652368,1.6227215019817691,24.204681992888965
EXP2,R1-T2,361.0,58.36672043989057,22.655441871135395,443.04660963339023,6.195084826361126,3.36572732362625,1.5944956313591219,23.883808987198847
EXP2,R1-T2,367.0,57.40621275780171,22.41045332712432,456.6152243597849,6.17770050787916,3.2312446069987852,1.5928716944816537,23.956760847945645
EXP2,R1-T2,305.0,58.08757160195644,22.322507658780946,454.1262388793076,6.244192487074875,3.3188698117925926,1.6523068266536325,23.64765308047468
EXP2,R1-T2,352.0,57.552155848161696,22.09868738199918,450.520991299571,6.235275825224465,3.1760624750262787,1.5860803552254488,23.506021583662818
EXP2,R1-T2,300.0,57.97928434888665,22.542666585379862,458.2075512254014,6.208337572015885,3.1113753875379317,1.607301184650064,23.644577969764452
EXP2,R1-T2,312.0,57.98786458818732,22.50941083041066,456.7103234728791,6.211523342461949,3.2001243206967454,1.6370588492545248,24.02627923125916
EXP2,R1-T2,338.8333333333333,58.114751576031615,22.657434449077122,462.255701094086,6.195413188761662,3.2010591968897986,1.5970459687252017,23.85208418842161
EXP2,R2-T2,292.0,58.38993230466788,22.343667768131713,459.6243346902764,6.2126536350812085,2.3823751165063447,1.1683712200129255,24.09171624963057
EXP2,R2-T2,311.0,57.91343558907472,22.288983371960857,457.80777068487345,6.189486233137955,2.35080216418444,1.1673081033639154,24.063047705374007
EXP2,R2-T2,363.0,57.99785106411452,22.800024251080362,451.7696664380816,6.207485632576934,2.352886080644033,1.1737365266290223,23.79481793389998
EXP2,R2-T2,394.0,57.988280364201955,22.496657876624184,457.02106117989166,6.2081648709989885,2.2800600313209207,1.187123170666684,23.87687059883364
EXP2,R2-T2,408.0,57.45774969117554,22.599764010130574,456.81077936206003,6.2155220910515325,2.3048511107261658,1.192346074253434,23.628080269297268
EXP2,R2-T2,346.0,57.449668571478846,22.348568782478917,456.2668330660751,6.215063793112659,2.4448027238642975,1.1612670639489493,23.922037791561127
EXP2,R2-T2,400.0,57.66433087146628,22.612105997889532,458.35828370275516,6.195903950860441,2.2994301021199806,1.157619699994723,24.279841206699064
EXP2,R2-T2,375.0,58.53058622969716,22.877433567240093,460.99091177947486,6.229476383636037,2.315041551900993,1.162902291795994,24.067815901986926
EXP2,R2-T2,412.0,58.04957706104148,22.518699107310262,459.3877075874674,6.187909047587434,2.232825823632257,1.183042659584445,23.941991952901642
EXP2,R2-T2,345.0,58.23208765065032,22.583914659965423,443.59490972211245,6.199168009301145,2.3882939923492437,1.2064975038520234,23.570115670071715
EXP2,R2-T2,376.0,58.017104832780575,22.475890431319264,457.61838559003974,6.214360132967759,2.3151940097157713,1.1552212990671984,24.015610543163124
EXP2,R2-T2,374.0,57.900863688241415,22.45997422512948,443.9950569872412,6.208410721813633,2.3408224610067347,1.1575446129759994,23.822362539990095
EXP2,R2-T2,366.3333333333333,58.252884077072544,22.415246460566948,452.87188679441294,6.2155114980665935,2.3672911105357914,1.1526242870348546,24.391502030099733
EXP2,R3-T2,377.0,58.01516441207233,22.523233751941106,450.344934792525,6.2401197536993065,2.1584999349858736,1.0514289387807407,24.48698507323395
EXP2,R3-T2,391.0,57.47324539156365,22.25759455215971,463.3159243779733,6.213604078274462,2.161598335233337,1.1071002459115404,24.613193395282543
EXP2,R3-T2,368.0,58.026446651839755,22.219032195646793,451.6483746572956,6.195554026781155,2.2009216520619193,1.0947423378439063,24.748472533241213
EXP2,R3-T2,308.0,58.42451951198621,22.456019089254802,456.00490139030984,6.253749243081329,2.1430522980967948,1.0811057175033914,24.371408604263515
EXP2,R3-T2,294.0,57.113354739641785,22.856835173347218,463.65150002515645,6.221990655488079,2.215420956433792,1.0866097137087996,24.508349001851276
EXP2,R3-T2,334.0,58.125544014671384,22.295570290657643,454.7301057425544,6.200426680125893,2.1289236212819156,1.0967486507782116,24.757088850817112
EXP2,R3-T2,353.0,57.431089870988465,22.406250006208634,458.2509804746298,6.213637378883381,2.252457285285344,1.087349202429473,23.913718346225792
EXP2,R3-T2,368.0,56.97702490730119,22.33670991883737,449.05874335358817,6.227609994697147,2.0602996545088543,1.0845890734291441,24.536207297738756
EXP2,R3-T2,313.0,58.5045155069633,22.50158741287702,465.7472069991804,6.207655892381722,2.187918225231803,1.0604869365362244,24.492680264793297
EXP2,R3-T2,348.0,57.443315699264964,22.190074366887277,452.91940124619714,6.196525695822785,2.1792803954877438,1.044026085373546,25.00133631882973
EXP2,R3-T2,321.0,58.34439207448681,22.66790882982923,453.0574238946298,6.18555926219531,2.153143185914583,1.0681143520191354,24.537421704829487
EXP2,R3-T2,300.0,57.92172778807303,22.637287737477063,446.2280633129367,6.240833293139139,2.1306637722457156,1.0623469655113569,24.819958408441227
EXP2,R3-T2,339.5833333333333,58.58698989717737,22.35129195409394,454.0773564571784,6.174092354655148,2.214177260628161,1.047524327616996,24.79483234412665
EXP1,R1-T2,279.0,57.87805409254388,19.946360089681498,455.10622842351864,5.953149685356462,1.7418331053664717,0.7349096005278503,25.670137883490145
EXP1,R1-T2,219.0,56.622498559951694,19.924148154161173,458.5599249624131,5.961945134246407,1.8267585079128283,0.720758744384967,25.679866693007508
EXP1,R1-T2,244.0,56.914217606634715,19.4820036074076,450.65809940285374,5.9464531279168,1.7898921351481392,0.7200340985981833,25.823327217923048
EXP1,R1-T2,304.0,57.87962519287659,20.112797799132654,448.7162583977998,5.959518987833005,1.703378166699849,0.7413497740094445,25.540861902279303
EXP1,R1-T2,236.0,58.170107752260975,20.087140500551577,460.0110072888959,5.941718700545061,1.8153973999598267,0.7193259502960283,25.830696606387267
EXP1,R1-T2,236.0,57.78968684449445,20.251082429123244,452.2123526979504,5.949391609414129,1.8131374614633704,0.7201711479381548,25.818487000157788
EXP1,R1-T2,150.0,57.98607325334072,20.332283722199954,455.3562060689705,5.949924418885493,1.885848921894115,0.732382253732264,25.692906762338517
EXP1,R1-T2,192.0,57.354081541243524,19.753548603922724,460.57714247624716,5.931968364399479,1.8220020377991477,0.7271381606326955,25.88496707065438
EXP1,R1-T2,230.0,57.48966396072931,19.76781950199179,465.1761745648298,5.977204404489546,1.8516524133261325,0.7041922005054211,26.050471235649074
EXP1,R1-T2,269.0,57.252020358519005,19.973818740008888,454.37819189690083,5.91556832594273,1.801183709328354,0.7091911331486238,25.95589901535097
EXP1,R1-T2,281.0,56.437623742018005,20.15809235456629,452.4332719397511,5.892425882418715,1.8096696864256678,0.7421534465417022,25.746691881939828
EXP1,R1-T2,229.0,58.33330347899477,20.094985703999765,449.1862680675394,5.915947178484301,1.793572686286459,0.7737087139292819,25.617974429603336
EXP1,R2-T1,207.0,57.072532672558054,20.000242087789214,463.53708274445427,6.147825790451444,1.8541026192903334,0.7392973242592914,25.238578666545095
EXP1,R2-T1,264.0,57.81186847696604,20.068996140730956,452.31945223416415,6.180538831844583,1.7616697794826357,0.7571297795715379,25.542448078929596
EXP1,R2-T1,250.0,57.30814971606384,19.956331519931947,455.02419956619497,6.143439959049445,1.8260881208228796,0.6959773012306721,25.42977558606972
EXP1,R2-T1,275.0,57.560290685306896,19.89154093194485,449.0195773536651,6.170272004951715,1.785367020051142,0.7294092133446972,25.103102970028978
EXP1,R2-T1,220.0,57.46297064691329,20.02359553361441,458.8308808709018,6.175563726256327,1.8628258017995964,0.7437874725374095,25.1806725504739
EXP1,R2-T1,250.0,57.620834030232686,20.028372130373093,450.51811653081563,6.127825097072539,1.8400419894119102,0.7218205537423573,25.509630763204093
EXP1,R2-T1,270.0,56.71670903388383,19.81803337995119,457.8025731366648,6.110124505152263,1.7526332861482767,0.7292613254783937,25.60860549357345
EXP1,R2-T1,244.0,57.66947302645774,19.866443584773858,450.69797833249504,6.1399695080801715,1.834160826144226,0.6951212592528929,25.06106441788309
EXP1,R2-T1,282.0,57.95572218845713,19.77898468004835,454.4905459846084,6.13956095594512,1.834167872112,0.697109288031985,25.075031509409577
EXP1,R2-T1,202.0,56.70149112825309,19.870567491709515,458.9963982262698,6.154944237158593,1.8427692573770749,0.7510211712955033,25.066789700357756
EXP1,R2-T1,200.0,57.75311719566977,20.100751448026475,451.75871437821957,6.128531515307941,1.801264825453057,0.716937087646697,25.283720630741556
EXP1,R2-T1,207.0,57.061393619550415,19.898287675045335,462.12914626971144,6.148602875024661,1.7580155708460254,0.7274677981684904,25.334179034976042
EXP1,R2-T2,270.0,58.25268226544891,20.060997477049817,465.55703141936306,6.316117690470699,1.7605470534758467,0.687551736212246,25.468975627639864
EXP1,R2-T2,292.0,56.72652302879508,20.16498885843273,460.5801212929144,6.263142604243083,1.726640742498139,0.7017744862564552,25.487796121635174
EXP1,R2-T2,193.0,57.27586673445118,19.40199614143461,453.8940706232765,6.268477210458936,1.7944524581377372,0.7192753005610747,25.330923020610214
EXP1,R2-T2,245.0,56.77709169054821,19.72518528403079,464.5132327778498,6.264271913172971,1.6733018975519764,0.7096017123949309,25.211757729606212
EXP1,R2-T2,287.0,57.86863205939377,19.955174083319132,458.4956001067177,6.3118428856691065,1.822601310972514,0.7254987004170603,25.12645712503751
EXP1,R2-T2,238.0,57.74313426972608,19.93939322128694,458.58989185590684,6.270027563024721,1.8308518042484443,0.6887022473474891,25.366678299778897
EXP1,R2-T2,258.0,57.72819576353629,19.91643386695224,460.0432823511494,6.261356037658095,1.7977421306894328,0.6993285809604343,25.502589559203326
EXP1,R2-T2,234.0,57.186499964617234,19.99205956181473,447.6157066834445,6.259933134899344,1.8500587117787262,0.7300924593487471,25.187742830750732
EXP1,R2-T2,235.0,57.368788464665606,19.743992301874066,454.82518160954993,6.277807264034511,1.761609398014767,0.6746844865143504,25.253486461133004
EXP1,R2-T2,273.0,57.00866840664498,19.760721802672645,453.53202159862605,6.261128955096072,1.8414779192105701,0.6912187267939678,25.362500902298855
EXP1,R2-T2,254.0,58.00621277484538,20.05588124843406,464.13335603799675,6.271919313816022,1.8293423494693843,0.706675158969949,25.63521310348367
EXP1,R2-T2,235.0,57.07219920426417,20.24946020105132,454.817784456966,6.279395777799157,1.7136670025427483,0.7023885961739162,25.441275797744385
EXP2,R2-T1,333.0,58.09023539121838,22.47708648647823,454.3699045083847,6.214463799063453,1.796024654192613,0.9063336567961154,24.197431593401074
EXP2,R2-T1,342.0,57.58452037400101,22.403943035178287,454.3441925325896,6.258930531418699,1.725736944271453,0.8821695233843323,24.520909897508616
EXP2,R2-T1,327.0,57.30086524571208,23.036819761903523,459.3418398947251,6.228930068107933,1.8059136727465157,0.863425966597221,24.511842007055492
EXP2,R2-T1,324.0,57.779434665758565,22.345874877305643,449.39152275860215,6.243760359887589,1.8064721925163025,0.8627085429547334,24.267346574415964
EXP2,R2-T1,280.0,57.779837378052605,22.328127072843348,462.3626928121397,6.251633588911517,1.7717666608421632,0.8857051923670378,24.145201462443275
EXP2,R2-T1,368.0,57.50649883057099,22.70160523305842,450.9402254533518,6.261091829177475,1.7713082229204875,0.8906267980623387,24.34621897429802
EXP2,R2-T1,335.0,58.15847592865371,22.420047591816825,459.44742233555723,6.233583223084228,1.7727862770565508,0.9128593086660954,24.569471233838964
EXP2,R2-T1,290.0,58.13071396433551,22.338394962949806,459.98620531114796,6.220499239418059,1.8167561827632042,0.8986038435688734,24.190770150543308
EXP2,R2-T1,325.0,58.39913965832037,22.291799654881945,450.9079728186135,6.229530730977334,1.7014402043899068,0.9099428199386352,24.150517227338174
EXP2,R2-T1,347.0,57.92421875087513,22.06868865648577,451.5315440472704,6.209226141242432,1.7094220386763472,0.8946823867874311,24.333278981724487
EXP2,R2-T1,330.0,58.17788898817292,22.390491823140117,453.21232141320064,6.206399067246079,1.7620533077652825,0.8941885732197142,24.012215515314928
EXP2,R2-T1,335.0,58.02920981424081,22.488309706992542,457.7947020545413,6.206404579843243,1.8425826169245882,0.9054600955901142,23.952637973635596
EXP2,R2-T1,328.0,58.20764956609476,22.53945009474625,458.05133217399754,6.2460947476441815,1.795178280079314,0.9125936084157427,24.46693777295304
EXP2,R3-T1,249.0,57.72625054156273,22.29430802602528,454.5751103814798,6.222533839952996,1.891117830995792,0.9673838625939327,23.77714734314828
EXP2,R3-T1,309.0,58.26341762577881,22.51262854008867,461.9765109338281,6.290730419525623,1.85996358525954,0.9645950366441789,24.278482249650718
EXP2,R3-T1,282.0,57.87037305200969,22.487915392354864,458.43099833290285,6.2262054290824675,1.8914019716234247,0.9499649920405833,23.798386508235986
EXP2,R3-T1,320.0,57.47151999279179,22.17533987070046,463.7999513273719,6.264689419381714,1.9286385369252816,0.956466877669006,24.133816858431217
EXP2,R3-T1,325.0,58.085413109781534,22.557123827572703,448.3841809968856,6.26570157302632,1.9559815070696447,0.9756557438320598,23.679609769139766
EXP2,R3-T1,311.0,57.970350237545446,22.53512498504128,458.6834654862718,6.260832419662086,1.8050318175970732,0.9444247907377897,23.791231444848293
EXP2,R3-T1,261.0,58.493281158780896,22.004122354261657,459.42203609584783,6.25121983222742,1.89615995085785,0.9148363963332469,24.190907264300435
EXP2,R3-T1,249.0,57.08620153680954,22.098575945345164,461.4735302878778,6.245034016510041,1.8627704570419357,0.9613041213222823,24.152748243670924
EXP2,R3-T1,314.0,58.52408484930229,22.605807022811288,449.708464792657,6.283520098509727,1.948354450609962,0.9360997609693772,23.716705137463908
EXP2,R3-T1,227.0,57.90101252493043,22.16100223682402,452.2229230012926,6.2503523692432745,1.8239456387259658,0.9474362411489128,23.691092037337963
EXP2,R3-T1,370.0,58.81174160648428,22.151632843651964,456.68533505956185,6.257828720590691,1.846053197847125,0.918103201074575,24.092341116149637
EXP2,R3-T1,287.0,58.55050108742293,22.237018306418737,453.2300752739774,6.226540895185344,1.8580859851009546,0.9331784979768996,23.990765810265376
EXP2,R3-T1,292.0,58.54574705669811,22.654437981526254,450.06127400437305,6.263587657381643,1.860301960417725,0.9558525940614423,23.694459210441767
EXP2,R1-T2,372.0,57.83913672940661,22.381617347624097,454.0740801302724,6.244170441587758,3.1803702982121393,1.6033100773647981,24.07054295749157
EXP2,R1-T2,307.0,57.45707218142157,22.195816506357353,458.0794214859621,6.203384263426923,3.1697164105088826,1.5983187448761584,24.11337043962299
EXP2,R1-T2,292.0,57.479427531503575,22.241579181039498,462.373876060604,6.212453758918901,3.1714182518232135,1.6210792955616964,23.87442410423134
EXP2,R1-T2,366.0,57.561902955933284,22.648900112576936,453.9176465067509,6.183149911115105,3.2228427021324326,1.6226100426097958,23.971167521357444
EXP2,R1-T2,348.0,57.50082367363006,22.515042626381362,450.9785857907107,6.1874561414991325,3.1803550384429693,1.6466611869585648,23.77216511292386
EXP2,R1-T2,384.0,57.087684159830765,22.437529208596473,458.6553225692564,6.208943892157011,3.2311562316050275,1.5971241240635288,23.874802952269995
EXP2,R1-T2,361.0,58.253407646673416,22.4593516348457,454.38353464089255,6.196442239023812,3.0870334113121007,1.6372810724639109,23.8062799792474
EXP2,R1-T2,367.0,58.50796485127134,22.473859457502183,444.56839230575144,6.187083419863348,3.1740370205111934,1.6114093467129615,23.666015324024755
EXP2,R1-T2,305.0,58.47583244812939,22.26565131699008,445.8217376555706,6.187476366681511,3.2378044196015514,1.6079812551899608,23.64153653209254
EXP2,R1-T2,352.0,57.897297818879586,22.237717845526387,451.5822291329297,6.189533814288237,3.1997774311726404,1.6014066150202972,24.13550454073091
EXP2,R1-T2,300.0,58.30737106776476,22.799445555913273,445.49343239238715,6.208195431033659,3.204781858452168,1.5992204462879158,23.926547799731086
EXP2,R1-T2,312.0,57.90129162615072,22.348319021239107,450.7887595471778,6.208475786742478,3.1255182384565225,1.5840026844907242,23.671608667346597
EXP2,R1-T2,338.8333333333333,57.966087041570326,22.775410842277193,459.3267077920068,6.182348730431188,3.22229988251933,1.6223839059161524,23.545624546860065
EXP2,R2-T2,292.0,57.88920999223543,22.43198356423045,460.74271566857703,6.206891040933387,2.3028988263529535,1.1707515508991908,23.862971586868753
EXP2,R2-T2,311.0,57.81919715345167,22.637097418411724,451.6573694662585,6.2269597074404075,2.346742184973475,1.190932057850626,24.407186419451484
EXP2,R2-T2,363.0,59.005845744729825,22.39658466065685,453.05793574493157,6.237488275327688,2.3554887868205747,1.1633796951477906,24.032562767994744
EXP2,R2-T2,394.0,58.05699877768142,22.38075655034002,460.34062684303075,6.214799107069306,2.3808953264992985,1.1678562718400598,23.862481934312296
EXP2,R2-T2,408.0,58.01075734188843,22.54995142912295,452.64296363809893,6.191579655086554,2.3818114558707726,1.1621618084161571,23.687922076861323
EXP2,R2-T2,346.0,57.47704835652641,22.604796345779675,453.112851834536,6.207426408596168,2.298887495294105,1.1593861807309724,23.818163357515882
EXP2,R2-T2,400.0,58.20391070845722,22.403340799054043,456.37653801829566,6.266046029151762,2.3587696728816696,1.1875453469045842,24.038950086943267
EXP2,R2-T2,375.0,57.80035124208171,22.48364606352114,449.9142309289888,6.202044829683525,2.339022890510668,1.1754194225416073,23.945949222324852
EXP2,R2-T2,412.0,57.752917559590024,22.331825429041675,457.1734613118687,6.215770324353742,2.2953106671410906,1.1678515019146063,24.248555073817144
EXP2,R2-T2,345.0,57.699790210805496,22.660640610869173,441.49098042649956,6.209036825114702,2.385021610793319,1.19552020944732,23.620694539737823
EXP2,R2-T2,376.0,57.18084421936918,22.42707513412802,452.87991422733893,6.2140982675802405,2.2942288302699585,1.1733390262783707,23.69103502699505
EXP2,R2-T2,374.0,57.731928268522985,22.387610108684076,454.50036468997456,6.180985827433825,2.2617149456263874,1.1914309398912897,23.439652530662258
EXP2,R2-T2,366.3333333333333,58.48881360337528,22.736085897649435,454.20246750620413,6.18845842594856,2.2977522795112035,1.1580481938828826,24.234107077699676
EXP2,R3-T2,377.0,57.79132333194075,22.337110656355254,456.05293442610764,6.22714060899267,2.2368082536148206,1.1015985532527284,24.844972304361868
EXP2,R3-T2,391.0,58.05699191794848,22.456118530445384,457.0285603238302,6.179349498883837,2.1631228787062473,1.0811213203829557,24.96806128643287
EXP2,R3-T2,368.0,57.254648635632016,22.258406562879912,451.02593185975746,6.231573598779654,2.1841305109658635,1.0708295551380855,24.742335838146037
EXP2,R3-T2,308.0,57.97346535306717,22.421332840476524,453.9639021867639,6.216457801082567,2.2277328120107787,1.1059865682237093,24.628323829328398
EXP2,R3-T2,294.0,57.858612526182206,22.323669432995924,451.326550750091,6.200462117966232,2.117941519467337,1.0698424751298474,24.391984237716954
EXP2,R3-T2,334.0,58.15917926648211,22.746949462460297,453.502077725683,6.202941960868217,2.184012904433539,1.0468045847155572,24.757870813626425
EXP2,R3-T2,353.0,59.283625384054275,22.839578029803064,459.4773174469743,6.206157969532129,2.187930392890741,1.0804243387324723,24.538791355078164
EXP2,R3-T2,368.0,58.488030715965756,23.104736742141792,451.9790994538893,6.248653248389505,2.221776164255657,1.0931180602094537,24.932492149566382
EXP2,R3-T2,313.0,57.20091847548787,22.258037762449064,453.18608955891636,6.264706525989116,2.136055874031242,1.0605332840537611,24.588545583502913
EXP2,R3-T2,348.0,57.228707840498686,22.970132924367793,454.288242284435,6.192453407341323,2.088302690687916,1.0972845029673897,24.6950473054279
EXP2,R3-T2,321.0,58.2549099918821,22.46975912503737,452.7902617197886,6.214260725814935,2.131235666748,1.0579203014385412,24.65955286936934
EXP2,R3-T2,300.0,57.33280287703258,22.431952552046575,446.1743733297253,6.223789017641458,2.1879287683446003,1.109608617754583,24.810495079449723
EXP2,R3-T2,339.5833333333333,58.74723460604285,22.735087616001724,459.0007782646746,6.2093209689090125,2.100037868450613,1.070343225862367,24.81997655622219
EXP1,R1-T2,279.0,57.544810527627746,19.80247939872558,457.81468307919715,5.952732706701204,1.7650125203328544,0.727061067877573,25.805553509024644
EXP1,R1-T2,219.0,57.05091461302707,19.992521684095667,452.17426538609783,5.9208675820496,1.7285284402863625,0.6847326644718467,25.63437200350139
EXP1,R1-T2,244.0,57.04260222834865,19.882827368112657,460.25208039004355,5.920907937733895,1.7640306534959846,0.6973569022467141,25.387163647480843
EXP1,R1-T2,304.0,57.46049444632423,19.8830252042262,452.24858673103495,5.961983934659633,1.7598127588700039,0.6945817338791028,25.520669159066472
EXP1,R1-T2,236.0,57.04715912737577,19.841517491559145,458.6155290596628,5.922891041338037,1.8212294749169458,0.7123024730118602,25.895170091540706
EXP1,R1-T2,236.0,57.27038814522734,20.04649535048536,453.4905444854363,5.921901069111728,1.782754970128936,0.7135109407492992,25.713773840112413
EXP1,R1-T2,150.0,57.12611836799202,20.3678372784262,452.48442405758453,5.9753436777753475,1.7616091467158674,0.709087563345307,25.97054953981817
EXP1,R1-T2,192.0,56.36295033542445,20.168029485346334,443.26155910888525,5.919616304804613,1.8030821864444917,0.7063280737724515,25.82449128269033
EXP1,R1-T2,230.0,57.559555789323746,19.83511797383752,456.0454444372237,5.957898099292986,1.7842485906871566,0.740543468503335,26.012308726256332
EXP1,R1-T2,269.0,56.76070160591786,19.998418397011005,450.8548231812039,5.948172989089076,1.8588079774910662,0.7284645963529417,25.762212852457534
EXP1,R1-T2,281.0,56.93047915339043,19.65767111458752,455.4192637290209,5.93627286541865,1.8503031564468118,0.7367348133412471,25.962348086965953
EXP1,R1-T2,229.0,56.910777151096035,20.07273830504914,455.13666606478876,5.939585788112391,1.7943188328701813,0.7331124382228649,25.98648163027644
EXP1,R2-T1,207.0,57.72984761410849,19.894983084594656,456.22032853890954,6.144849325233457,1.7617038879167628,0.722957362006983,25.45536976442048
EXP1,R2-T1,264.0,56.497617735105685,20.389320345212706,461.11522076571947,6.149595299886526,1.8297364586909552,0.6896349978897935,25.005534023376306
EXP1,R2-T1,250.0,56.70406255703729,19.889847324717408,460.6818558125591,6.138406074582311,1.784409730145823,0.7034563192163354,25.306154716866445
EXP1,R2-T1,275.0,57.73881641031208,20.025206186798876,462.5475566230045,6.13938261487604,1.7453424492113998,0.7692072625781092,25.36694737160716
EXP1,R2-T1,220.0,57.69859004005408,19.95963178449912,455.0564390296721,6.160374855070169,1.8593117965028376,0.7157705770964707,24.767313596885586
EXP1,R2-T1,250.0,57.827091119022555,19.999355993430438,458.5702300989419,6.147955118105088,1.7680311706038667,0.7457605924603842,24.993030639044324
EXP1,R2-T1,270.0,56.49042125010637,20.30992572349759,461.9582981378369,6.159584749950853,1.8003029445534742,0.7276678347120608,25.028683654267017
EXP1,R2-T1,244.0,57.55163751428131,19.93797686356815,451.2411421588959,6.1363997068437115,1.7968315359415943,0.6749236048961549,25.355340670535472
EXP1,R2-T1,282.0,57.987870241484835,20.070331874758164,463.66435825963276,6.163163013491282,1.7937268482774062,0.7433815463543659,25.587772222740412
EXP1,R2-T1,202.0,56.841899718077606,20.16752260583363,460.24539013173353,6.151976234686209,1.9178585872301688,0.7165288318574323,24.9374904132667
EXP1,R2-T1,200.0,57.271887784538016,19.6130386194382,456.1283060047956,6.139186865515671,1.7371827818078012,0.707402644401663,25.43865823929635
EXP1,R2-T1,207.0,57.8168782652713,20.304935733930947,451.42619437058573,6.170575366236518,1.7093198682138964,0.7549514774563331,25.27252304224547
EXP1,R2-T2,270.0,57.38022727538065,20.063031657327954,453.18709683703133,6.252042414155941,1.745694380242449,0.6714139183874895,25.52154130586022
EXP1,R2-T2,292.0,57.60677128267064,19.77379536940485,463.93307657624285,6.289710668582169,1.827922477677219,0.6774159854183802,26.138813725163867
EXP1,R2-T2,193.0,56.55677305157696,19.844762160499837,450.62133861374986,6.294430868911716,1.7780271371011112,0.6728734941023692,25.37078919422873
EXP1,R2-T2,245.0,56.79754807124125,19.912521225092775,463.94676505657475,6.274733595424345,1.7320460023666029,0.6924114302502721,25.47235112284724
EXP1,R2-T2,287.0,57.48850458381825,19.850637411999983,455.7603179825809,6.28708099801348,1.639130404343586,0.6770090530277072,25.47072961825781
EXP1,R2-T2,238.0,57.78368753646315,19.696115252241228,452.561577659398,6.275727897608101,1.806077303998166,0.705106606986674,25.637169865258123
EXP1,R2-T2,258.0,57.38035269150566,19.80894671791855,450.4126824665456,6.294063650036421,1.8357123983821229,0.6788645361158727,25.061108660439473
EXP1,R2-T2,234.0,57.47080281236144,19.675654241589346,447.9662282762486,6.295148687670261,1.7130114877158178,0.7333937390441432,25.539453906302406
EXP1,R2-T2,235.0,57.48502817584446,20.117377941202957,447.81532475953725,6.293806282814404,1.7240402364047809,0.7227263440770456,25.386855602285223
EXP1,R2-T2,273.0,56.905125712330594,19.81041080030215,449.75183511511614,6.25935611000044,1.7668747295888687,0.6971230110697937,25.246498628479934
EXP1,R2-T2,254.0,57.55480488960122,19.74727314395772,460.14778000323105,6.30259701570176,1.7099430843813768,0.7112102526945068,25.310086604881615
EXP1,R2-T2,235.0,57.93354059170571,20.150445643762325,442.28581578686425,6.293095048862187,1.761361021759028,0.7191932050292554,25.824803989427306
EXP2,R2-T1,333.0,58.437912729986046,22.833021526019532,454.6770783898186,6.246149065891861,1.8449430473515414,0.8815325428253651,24.107970647621418
EXP2,R2-T1,342.0,56.68852734763728,22.844931023369053,454.1728484278594,6.222221165120311,1.8010624021468267,0.8828012678619402,24.074279151541724
EXP2,R2-T1,327.0,58.913838150226375,22.486637273225778,459.1628951901224,6.255090002716788,1.7179568237181693,0.9049150342966553,24.46979702619923
EXP2,R2-T1,324.0,57.585052555414094,22.47266547129713,451.96330012425545,6.2495910948519775,1.7012039644484913,0.9230396961452902,24.303971134679312
EXP2,R2-T1,280.0,57.88606029177762,22.657906636086175,457.0405783182105,6.225473748300877,1.7802384738034949,0.8757464142637933,24.282301880650863
EXP2,R2-T1,368.0,57.279560984294946,22.539133951700013,455.724674813039,6.249425565229891,1.7446858414599864,0.8729363262606158,24.357639421967427
EXP2,R2-T1,335.0,58.345408854314975,22.588425837304662,463.8851963002723,6.224514806412,1.774742433412451,0.8815143239734777,24.04647967434767
EXP2,R2-T1,290.0,58.03591909451941,22.542451921752335,448.3013129480682,6.218477598950899,1.7685176183887112,0.8963226647996214,24.436412844060612
EXP2,R2-T1,325.0,57.46913065670675,22.57219255388252,457.56209865431543,6.233693783964962,1.7759464586399512,0.9443953824377301,24.318288953066535
EXP2,R2-T1,347.0,57.850336786421316,22.41291177348145,460.30752947829245,6.239422835600002,1.7049132699289367,0.8962085254342963,24.171744979326657
EXP2,R2-T1,330.0,58.01682657319172,22.8639131241397,460.0656811660261,6.252560983416516,1.7123192481762861,0.8760207282528613,24.29503467536056
EXP2,R2-T1,335.0,58.001668136156916,22.410361206831464,446.0877889411523,6.230687582631009,1.7589884079713147,0.9275175294920414,24.32468433922651
EXP2,R2-T1,328.0,57.75041741631988,22.506919045685603,455.3390937073332,6.218820531458074,1.7432767340300737,0.9063694960304289,24.14775511598483
EXP2,R3-T1,249.0,58.25214633133053,21.976013903600645,460.040303777154,6.278723791770993,1.8326430334895636,0.9426788765376365,23.6863907771597
EXP2,R3-T1,309.0,58.363733050569685,22.32701884867639,457.1021546507013,6.271881540526298,1.854584464745956,0.9819134995375789,24.15832476874608
EXP2,R3-T1,282.0,57.669376097326,22.689033231501444,445.34380912740795,6.245423115418285,1.9056672424583865,0.9485950631926809,23.946493038843155
EXP2,R3-T1,320.0,58.97412797181291,22.61493265831746,445.00491251686725,6.261346602474796,1.8659560610255048,0.9620342221723246,23.51078780482487
EXP2,R3-T1,325.0,57.405619396501855,22.678791798676322,459.43253805957164,6.250294478647466,2.006040731316154,0.9465144040105268,23.71553764040432
EXP2,R3-T1,311.0,57.28298886976986,22.63253389586463,448.01512425758216,6.272537695542513,1.9586541772408634,0.9142743166875196,24.007550801982678
EXP2,R3-T1,261.0,57.82494354564343,22.73079481309702,454.8991989874515,6.246578297006901,1.8441836637870792,0.9351546773533118,23.791139628458865
EXP2,R3-T1,249.0,58.07353674282916,22.618412550549923,456.1599338823847,6.262166197983702,1.8496164212080242,0.9133535256580847,23.83137636601517
EXP2,R3-T1,314.0,56.98043427195743,22.57491798026108,456.9551823585052,6.258401433285422,1.9991776975196818,0.9526148616585881,24.231429408024276
EXP2,R3-T1,227.0,57.59278551974801,22.751935383839907,451.33232005415186,6.283280216689916,1.8397441814348816,0.9375267851567635,24.107000328059854
EXP2,R3-T1,370.0,57.408979879911215,22.573415320941763,452.28075785676975,6.257907310116674,1.8849305681117763,0.9284347462632837,23.9873845824508
EXP2,R3-T1,287.0,58.8353180125708,22.593110059244637,461.3118761638061,6.277472086479194,1.943388137501002,0.9332475405428151,24.287640178925706
EXP2,R3-T1,292.0,57.852187668916876,22.17459330177687,450.99264371982974,6.28919631942498,1.9273044584738535,0.9232298897323054,23.919758220653286
EXP2,R1-T2,372.0,58.21754976118051,22.74784650692641,452.5521480881739,6.177606647266692,3.075329835998619,1.6217051843816044,23.637706740918393
EXP2,R1-T2,307.0,58.07660011192274,22.15581139459275,456.5343657319863,6.201179771864817,3.238137813837454,1.5736043349075939,23.613919487075883
EXP2,R1-T2,292.0,57.54968328897417,22.867745379583717,446.85468181701975,6.216927433637385,3.2696201035318655,1.592575732807194,23.737712322578226
EXP2,R1-T2,366.0,58.04579454445573,22.569797534505344,449.2930202575431,6.210433252010912,3.1259183597240114,1.5819878352615087,23.78811361178574
EXP2,R1-T2,348.0,57.68004496649778,22.715934623348215,446.707865076854,6.235251801319232,3.251242559882346,1.6336849487054064,23.80687582381229
EXP2,R1-T2,384.0,57.85574927236951,22.633220850305662,448.13846102310885,6.1924536940475425,3.110520366629157,1.6031854795675506,24.129659648402146
EXP2,R1-T2,361.0,57.56700537611624,22.482295603479557,449.0324286270736,6.21618009030096,3.2052428231276995,1.6139334790358966,23.97069962547424
EXP2,R1-T2,367.0,58.00768619618107,22.14314895005767,454.25879927560374,6.229669182704224,3.202564340076036,1.6061780674693704,24.10329234853724
EXP2,R1-T2,305.0,56.92520121577258,22.35842585592238,452.54675577597976,6.216942857706068,3.2152242690332105,1.5599301482999537,23.860770988143532
EXP2,R1-T2,352.0,58.473998993202095,22.37849764303014,455.454811577132,6.190486469439109,3.111434784554452,1.6151289198973042,23.500556105359653
EXP2,R1-T2,300.0,57.62941674775898,22.669958468351897,459.05307611569884,6.241567974625741,3.15328331101012,1.5848343750622975,24.21243314318125
EXP2,R1-T2,312.0,58.22412724660462,22.30253444712112,459.1185598786077,6.20832303411761,3.1836249637132656,1.6061338009186124,24.055531788394454
EXP2,R1-T2,338.8333333333333,58.295521015812994,22.278932886909576,443.78616338374735,6.213317329841988,3.3011653824128353,1.6012293071746555,23.710731339404397
EXP2,R2-T2,292.0,59.24887898742372,22.516047367722592,451.19995775420875,6.224066921709381,2.3659471202475473,1.1517235171811826,24.1938271067583
EXP2,R2-T2,311.0,57.99212035125152,22.4941379918668,454.6950039875021,6.2214589659185755,2.332154805442213,1.1909558371255695,23.741016771138256
EXP2,R2-T2,363.0,57.68306126483553,22.539694482214564,452.416889294392,6.193621953647184,2.3717984454971592,1.1762231502182268,23.882407217325735
EXP2,R2-T2,394.0,58.37167321829434,22.478584145854363,458.1967547657216,6.198255040638439,2.401632108093793,1.1703801679054198,23.799761334336825
EXP2,R2-T2,408.0,57.62296408556268,22.73803005270631,449.1615134474116,6.20804516626278,2.370839894324663,1.1466920076777583,24.21566518939841
EXP2,R2-T2,346.0,57.83941590257613,22.634695329908705,459.55520473897343,6.241163805891552,2.3937161942189555,1.149837479750949,24.29906884963619
EXP2,R2-T2,400.0,59.21259841643976,22.23836328764209,450.77534481682176,6.208682919238079,2.337665775752056,1.136444920481103,24.02716164410832
EXP2,R2-T2,375.0,57.37867215636316,22.413861703247402,464.4123145777727,6.2137532680065135,2.365449098120647,1.1555102270652302,23.923421810079052
EXP2,R2-T2,412.0,58.02187078518354,22.355931319674667,455.4520678364083,6.220905123050703,2.4484807090687655,1.162906502320477,23.543021272422
EXP2,R2-T2,345.0,57.70602050227741,22.462155125316606,460.68976494351114,6.244116155969385,2.2747969059824635,1.2015166046602983,24.216270391043476
EXP2,R2-T2,376.0,57.573075000386204,22.659964543693263,453.54833778915616,6.185461112202453,2.339374443301451,1.1790616229309694,23.703756488611578
EXP2,R2-T2,374.0,57.92281826506048,22.60511327292592,446.4277151018669,6.230153210933426,2.37243185644858,1.1700988157286853,24.107543719183088
EXP2,R2-T2,366.3333333333333,57.883024856211705,22.795332766075685,458.8013025430531,6.217884857264822,2.3162771072429735,1.1522369327912765,23.826759822566537
EXP2,R3-T2,377.0,58.57927749944975,22.849351411839347,457.02888488116554,6.18598997945665,2.129187221062604,1.0669077077529798,24.734975557712282
EXP2,R3-T2,391.0,57.83050249510373,22.956988936126898,451.2576727110686,6.249824026176398,2.1621164263318544,1.1364923277120096,24.486812851781927
EXP2,R3-T2,368.0,57.59930130395814,22.963909811385037,461.3342616482524,6.221867449660266,2.2387159654315036,1.0630785823998607,24.778816761917717
EXP2,R3-T2,308.0,57.646207807333596,21.997707228218513,444.03143887040164,6.205922669409848,2.2426836774115197,1.0889815390163564,24.614787654671098
EXP2,R3-T2,294.0,57.24203125201496,22.52855955817851,456.2173586235839,6.198307223719212,2.1035543709636757,1.0784154170685418,24.64034447440312
EXP2,R3-T2,334.0,57.345751758667845,22.479318805986168,452.96198708336925,6.244156040026333,2.103761709632265,1.082809431835027,24.479380272078398
EXP2,R3-T2,353.0,58.61728897610733,22.54452813914876,452.8055391989562,6.253162772695284,2.212190699157806,1.0915672412907687,24.213488857514896
EXP2,R3-T2,368.0,57.305134366420376,22.544232777353066,443.94960169641996,6.228976162059355,2.1411461767414623,1.0788576006837012,24.51846113514773
EXP2,R3-T2,313.0,59.395183842958176,22.671873447418715,451.2765240997855,6.2159249499362845,2.1862929674231775,1.0249578465400473,24.610137947122027
EXP2,R3-T2,348.0,58.889761739261544,22.58445324043581,457.8556203383935,6.205045531283242,2.1779753589620667,1.1078533023003734,25.19209693745896
EXP2,R3-T2,321.0,57.49370650271817,22.697195983741658,457.7584375432722,6.205596432193385,2.1675941663451943,1.0446130088306134,24.758095747916354
EXP2,R3-T2,300.0,57.68805702432075,22.15534292252516,451.6262598744851,6.205678476239279,2.1173412292570446,1.0816556541637155,24.71744444839581
EXP2,R3-T2,339.5833333333333,57.997643286040976,22.167670761915346,447.31306199525943,6.232317545620447,2.2083678061455223,1.0882662778851162,24.617921771866698
EXP1,R1-T2,279.0,57.86311586007663,19.876391977486303,460.52465344305745,5.950741159165493,1.830222799047611,0.7131875902799096,26.03402534602271
EXP1,R1-T2,219.0,57.22674307275007,19.625400345621383,450.4001217211801,5.927292964960632,1.78606459209928,0.7164995761014562,25.44007789858676
EXP1,R1-T2,244.0,57.5251596068148,19.97548464698799,456.93601736983527,5.9516571670836225,1.7872385673801374,0.6849385872810727,25.66180988383863
EXP1,R1-T2,304.0,57.63756431135793,19.97525566113459,450.5558462759501,5.95930598379699,1.8457307732891057,0.7138153772953453,25.91967089371728
EXP1,R1-T2,236.0,57.645229219422745,20.00746047254348,451.45136116210494,5.959991993642876,1.8230099543982767,0.7141730937591944,26.10484434643786
EXP1,R1-T2,236.0,57.79564902380563,20.02676082260581,452.04604079002416,5.951358296950791,1.882145514012759,0.7490113157099509,25.80243016069675
EXP1,R1-T2,150.0,57.496124887328044,20.06535203637036,457.7802002711845,5.92064435422088,1.8915732267240304,0.7321152108959652,25.99487599686074
EXP1,R1-T2,192.0,56.4047482276591,20.247387669538877,454.92794962469344,5.933679287783804,1.690177610314919,0.6910784785027817,25.861310208601818
EXP1,R1-T2,230.0,57.561562595472296,20.4295090916141,465.183395740228,5.9517567834035905,1.850782053865729,0.7324597042798818,25.71869925910863
EXP1,R1-T2,269.0,57.614943707645644,19.665458801896975,461.35857842238414,5.943511587128398,1.8253646019707508,0.7454516632919854,26.043718702107043
EXP1,R1-T2,281.0,57.632890735097476,19.739152206461654,455.33652209458256,5.956947802439762,1.756861429314599,0.7228948073258569,25.824953247722757
EXP1,R1-T2,229.0,57.463934156210755,19.879047345039808,463.16928484843027,5.942590390451248,1.6901003630860079,0.7387406984440298,26.06431651456543
EXP1,R2-T1,207.0,56.99812471094386,19.780399197336653,455.1192715376434,6.184254602569317,1.9127509823974185,0.747423911634858,25.66469236441732
EXP1,R2-T1,264.0,57.489500391136325,19.984346424404972,455.8236518909265,6.137167415929186,1.8458897028011099,0.7222610316778306,25.209267567234033
EXP1,R2-T1,250.0,57.31875599569296,20.242806723972322,455.5613108880109,6.17226429472722,1.7382158893595212,0.7187534335320551,25.666743942862908
EXP1,R2-T1,275.0,57.29416153397897,19.97476343705191,454.83319090264035,6.155629924717389,1.8305581859784668,0.6988049623861311,25.237587338691633
EXP1,R2-T1,220.0,57.09434387384408,19.773826993625125,456.13911629949376,6.159384590168139,1.676634309175168,0.7436949905209326,25.499058876827068
EXP1,R2-T1,250.0,57.95054194011664,20.00303994292766,456.5324194412947,6.147530949472764,1.8428454804224996,0.7373973910134642,25.188066485354728
EXP1,R2-T1,270.0,57.44858194357185,19.73277416111197,463.2399210071077,6.139164129719692,1.7644986257803073,0.7240881180528131,25.267828732597224
EXP1,R2-T1,244.0,57.76146677567211,20.14861367265075,453.4308464107288,6.149661742533613,1.7629038276697633,0.7221532568457396,25.549991759073308
EXP1,R2-T1,282.0,57.31255213547798,20.075565477438474,453.48536937816124,6.169112104957422,1.7093997339326146,0.7098277230017388,25.03120337584815
EXP1,R2-T1,202.0,56.4517333350463,19.689466389804767,445.72966662948056,6.131033427381681,1.8595678985798305,0.7405079277607307,25.083971410630596
EXP1,R2-T1,200.0,57.531777547421925,19.67225994587977,457.07970088172357,6.1917822558377,1.7260221650079615,0.7055934496325221,25.283651412370652
EXP1,R2-T1,207.0,57.38676785703079,19.766133761847094,456.0736030595419,6.179896153634751,1.7821241374112116,0.6739402719450043,25.195953821656808
EXP1,R2-T2,270.0,57.20963881214229,20.03291535109565,459.29342528660953,6.287633254318576,1.7296677862792451,0.6744349948656725,25.40743482470395
EXP1,R2-T2,292.0,56.38932046865783,20.14627609779121,451.1726252123337,6.296853731584618,1.8466993265291511,0.719615670487863,25.242934618383337
EXP1,R2-T2,193.0,58.08619091216952,20.09435946525833,463.66067092221977,6.306169143891416,1.7567667864720398,0.715523312711698,25.56513587774955
EXP1,R2-T2,245.0,57.25249073148829,19.885171625057986,457.4381887238098,6.303441528550485,1.724735615853541,0.6893703436320049,25.247674628991348
EXP1,R2-T2,287.0,57.63760280929316,19.654365627066326,455.97884376851323,6.289830085191937,1.7171796536081683,0.6997754253285016,25.317502642504113
EXP1,R2-T2,238.0,57.07195770324279,19.94935828270256,458.80963706273,6.261165545025771,1.689054723009574,0.7208732851608446,25.529253229220824
EXP1,R2-T2,258.0,57.82408101129753,19.965483842147588,454.74088375832565,6.252730536041297,1.7400836790439587,0.7038971879725858,25.50205027723367
EXP1,R2-T2,234.0,57.57534279993829,19.751080375057654,458.9230852480705,6.263158597619682,1.735167698316382,0.698934100984802,25.48597332316767
EXP1,R2-T2,235.0,57.139221605499685,19.888415466567142,452.84635970122383,6.271754007434045,1.7489782631946693,0.7203678154116656,25.65858493401732
EXP1,R2-T2,273.0,57.604324846317894,19.950728239162004,463.0684511739293,6.274839574861431,1.7059545177404745,0.7100667112115848,25.961791834637825
EXP1,R2-T2,254.0,58.11012521174655,20.229884999270308,453.0283520813032,6.26719707254976,1.7457827071210792,0.6915575086771353,25.553205257463844
EXP1,R2-T2,235.0,56.635801971697845,19.90042631047503,464.16565635666467,6.254166112471058,1.799646966508582,0.7122911596365405,25.335105654372242
EXP2,R2-T1,333.0,57.38579518279662,22.39487332652075,457.22456604952345,6.256295096341409,1.6958362958850977,0.8712107834719066,24.13693250857932
EXP2,R2-T1,342.0,57.402652016626654,22.38763112926745,451.2753985615759,6.247230652221243,1.7155587536007904,0.9080493058211226,24.43278159315906
EXP2,R2-T1,327.0,58.391140292702985,22.637783126272325,455.4788000709835,6.25458294454851,1.6841689685174424,0.8860204265354941,24.13953741779764
EXP2,R2-T1,324.0,57.246335620134325,22.681444688921978,453.04002021279763,6.22631616907979,1.8173127533160613,0.8471394651748483,24.279694549392932
EXP2,R2-T1,280.0,57.92065530094932,22.737235657827455,457.4922352491962,6.226120136697759,1.7504254183295511,0.8738993369164129,24.453120720940536
EXP2,R2-T1,368.0,59.013450637084254,22.439014885291055,455.19743162718936,6.2026629464274174,1.781589469912377,0.9122248656911474,23.98712739007345
EXP2,R2-T1,335.0,57.85492571947221,22.397637472284618,452.552278208008,6.234262209452699,1.77287589626525,0.8942867141960565,24.608724529623597
EXP2,R2-T1,290.0,57.31719393701889,22.462338922487938,448.8570860687934,6.19277450074446,1.8491414826616093,0.9176437419736402,23.94219323673965
EXP2,R2-T1,325.0,58.35305034072725,22.18385456906904,458.974975127309,6.253459817257733,1.749725926807096,0.9120363398294405,24.103230233989937
EXP2,R2-T1,347.0,57.86449310407362,22.270594218242348,456.209011634562,6.224608978693924,1.7756021818987129,0.8776520777696873,23.86389112766385
EXP2,R2-T1,330.0,58.26703589474346,22.480830256749936,449.44820830785613,6.228635449913151,1.7904622580069054,0.869144905851151,24.16721997344272
EXP2,R2-T1,335.0,57.52920032945261,22.3531944666603,459.5772680206696,6.261522619390615,1.786127832876363,0.9018766151526213,24.297947715945725
EXP2,R2-T1,328.0,57.12958174038654,22.574993907854292,449.06908582431436,6.218829444379042,1.7475180335013567,0.8693338476479687,24.499841545289666
EXP2,R3-T1,249.0,58.073461483117114,22.49334267244981,452.19687115334034,6.244809217349823,1.8378507247952685,0.9631620143630873,23.90035713241832
EXP2,R3-T1,309.0,59.06417115931551,22.4132533966026,459.58950803766317,6.265700248329526,1.8821490203021964,0.9419818787506342,23.907257521289374
EXP2,R3-T1,282.0,58.46709694793448,22.26892434307894,456.99301537141935,6.22672181566982,1.8971309536148002,0.9309101746053616,23.775934717953202
EXP2,R3-T1,320.0,57.84918723501341,22.610194952793126,458.86157863384705,6.253594573573875,1.8754053403655535,0.9733253142800244,23.74015489237502
EXP2,R3-T1,325.0,58.803901249242166,22.10914298033138,456.57455612546033,6.252491158550598,1.9971145751720407,0.9517581795985,24.060037660664523
EXP2,R3-T1,311.0,58.02245598726529,22.517050525391,456.1513913069163,6.29733425193877,1.8493142112109646,0.950239146737648,23.68086484771861
EXP2,R3-T1,261.0,57.68673037507381,22.828474271016105,452.0046621330878,6.264528851081703,1.8536969574679125,0.9094240873585525,23.40391106431292
EXP2,R3-T1,249.0,57.72537853133878,22.621879642828688,452.30506136132516,6.28234984687334,2.0223247876757537,0.9581923856704442,24.073734472983602
EXP2,R3-T1,314.0,58.014562645173676,22.572646941991266,460.0046688068034,6.267488738482508,2.005201334307557,0.9607149717598444,23.545546860577176
EXP2,R3-T1,227.0,58.190633607469735,22.298001191549965,447.9029243375543,6.253080459974874,1.8588429354557086,0.9429689719699996,23.7880447051315
EXP2,R3-T1,370.0,57.566812136251556,22.545311978095842,447.89548801868045,6.231974597253884,1.9383176877385082,0.9675981436337505,23.791358381999178
EXP2,R3-T1,287.0,57.835259742299655,22.131540302539708,452.2430142285877,6.266503124642842,1.867594260026694,0.9782023438875528,24.014140038024273
EXP2,R3-T1,292.0,57.32361238633503,22.65486087408266,452.1692683004403,6.242750445545039,1.7998258457046115,0.9361120104913896,23.977629948594462
EXP2,R1-T2,372.0,58.486172590122095,22.298004456388536,455.06352599770025,6.229260581884095,3.25906863605165,1.6084579868797588,23.629410987785324
EXP2,R1-T2,307.0,57.572176312507594,22.794323444451027,453.85370132406445,6.207889414635859,3.131295319772346,1.6033041244310244,23.557122392295618
EXP2,R1-T2,292.0,57.913501961584586,22.623119804544636,452.2796658741202,6.226166457388054,3.19127750662899,1.5970279821971336,23.78274997023407
EXP2,R1-T2,366.0,58.488598337316404,22.33728805353927,453.6707183972878,6.231184919580281,3.2038477348924803,1.6041156371510334,23.791127351729937
EXP2,R1-T2,348.0,58.20108958892716,22.604316379675808,455.7365835447506,6.199636581186136,3.2786404709334516,1.6193012558969344,23.60055013714685
EXP2,R1-T2,384.0,58.73853731243632,22.481721689152007,450.24813586995356,6.192962737584988,3.1941076271572015,1.5653168013455243,24.26505152540706
EXP2,R1-T2,361.0,58.22891483225725,22.29825723431229,453.6454002019797,6.236245585332316,3.20625166864172,1.6056745981670526,24.08603400285689
EXP2,R1-T2,367.0,57.962118940961524,22.1587700377828,450.36682790399936,6.209748309472257,3.2526635229596703,1.6080268710784973,23.499751690866457
EXP2,R1-T2,305.0,58.675411921224736,22.706640800764784,456.9924401944125,6.20671138621593,3.295569052982771,1.5839825305620348,23.55145898122955
EXP2,R1-T2,352.0,57.46204843242408,22.633428183412658,446.2658847365368,6.2318477775745365,3.1791886895325687,1.6258439155471125,23.796254649305457
EXP2,R1-T2,300.0,57.38380092806557,22.448889748988066,453.0763656673105,6.216701796713398,3.185287617001106,1.573252170640555,23.936172985207683
EXP2,R1-T2,312.0,58.006622369999704,22.7157674449518,451.53765149526396,6.202863051636981,3.2206392076576007,1.5994434261898676,23.679016005927863
EXP2,R1-T2,338.8333333333333,57.49612529083103,22.22427246609951,455.3471105081633,6.183804936634222,3.3452101791024944,1.6029210900797983,23.94281878634448
EXP2,R2-T2,292.0,58.05296866469233,22.361190909567092,451.15146864501145,6.197044152501533,2.3895032526230735,1.187447258763997,23.91902206482378
EXP2,R2-T2,311.0,58.56974494570244,22.344914083892736,455.3176037830329,6.221024348163394,2.3682379946555887,1.135975635351587,23.86114295553819
EXP2,R2-T2,363.0,57.519196055913525,22.41411087804105,460.38826775825805,6.215580198766183,2.2788608195789917,1.2022165195136667,23.924386478069597
EXP2,R2-T2,394.0,57.81692187006468,22.358258831569323,453.6312187758215,6.244270739498418,2.3418443962081557,1.1798337063916886,24.16170866108595
EXP2,R2-T2,408.0,58.015891084551086,22.4682609000715,453.90636237665467,6.219353230635668,2.312207849844843,1.1593753302473175,23.979985455804677
EXP2,R2-T2,346.0,57.66818071028013,22.459618760612152,452.258433082633,6.235475917725733,2.382570875431178,1.1695890201823995,23.914185543014987
EXP2,R2-T2,400.0,58.25010275436872,22.385643514099083,452.36610081701815,6.218151022804726,2.2360414987849446,1.1832287523550855,24.05822506837355
EXP2,R2-T2,375.0,57.76975054689786,22.663987097772637,457.96616216052917,6.213046625124399,2.375461168757945,1.2047581522212902,23.954870949067455
EXP2,R2-T2,412.0,58.24019759521596,22.344555622879838,457.5107559951402,6.232104488438912,2.308106561920683,1.1814150124548826,23.719507796745127
EXP2,R2-T2,345.0,58.45822543509489,22.502471089154525,454.6754621363001,6.23084130213894,2.327404860838274,1.2133718417971568,23.681204276915093
EXP2,R2-T2,376.0,58.0710166795607,22.608307697669037,452.76662211353516,6.2209699484910015,2.2690638084078563,1.203737312816937,23.87230531896503
EXP2,R2-T2,374.0,58.68675334718577,22.685435915540754,453.49916790456047,6.215834215241619,2.347275198391475,1.1560990411198795,23.519453585366254
EXP2,R2-T2,366.3333333333333,57.57941691301061,22.39486921383428,460.8992518723801,6.197821947669077,2.340770290647131,1.1379391099056357,23.865655138469016
EXP2,R3-T2,377.0,57.764499939242626,22.33206328790995,451.9371635367958,6.224517687134516,2.125083643882658,1.0937662235259973,24.340377284996194
EXP2,R3-T2,391.0,57.36599864787446,22.076463547095713,451.44528421583937,6.222887288081577,2.210297870039509,1.0323555141774727,24.761519964225833
EXP2,R3-T2,368.0,57.9803079074787,22.46206929484889,453.3339448142696,6.2425900153777265,2.146999723819299,1.0685469642353316,24.4620767259615
EXP2,R3-T2,308.0,57.66208720721813,22.402681894065488,463.5751804008356,6.215659698984115,2.1999428864366317,1.0951563331158525,24.494370549084213
EXP2,R3-T2,294.0,56.97081313220286,22.69427494111202,452.90670085339735,6.215110071340339,2.2813796225114418,1.079223437299077,24.675360844532246
EXP2,R3-T2,334.0,57.96731454606642,22.120017603865268,459.8442515116952,6.229982628092686,2.1773066912983823,1.0948425576480671,24.71774896804047
EXP2,R3-T2,353.0,57.937026579654514,22.192501428976048,453.10098748630503,6.236431351539168,2.2251053480903833,1.0938836099825864,24.49077356665134
EXP2,R3-T2,368.0,57.43220253158487,22.570053981141182,459.9248929031799,6.231725320060518,2.1190293782382907,1.064588238456465,24.725204795180435
EXP2,R3-T2,313.0,58.09272886009734,22.12250471877225,459.50337254321903,6.240414680550985,2.124427107065926,1.0750599461541912,24.490363077173114
EXP2,R3-T2,348.0,59.00914699732562,22.297717434080617,449.30698198262513,6.2701452847706864,2.1811110064324604,1.100662510633297,24.714159908885826
EXP2,R3-T2,321.0,58.189552428141326,22.404280604036554,459.1844697345398,6.188513888168855,2.0869466288908183,1.0910584775945875,24.226046934066947
EXP2,R3-T2,300.0,56.61126581334796,22.690948317017728,454.8850082086712,6.249765146567212,2.2290184181087813,1.0771637215149084,24.676213512528992
EXP2,R3-T2,339.5833333333333,57.8209289217152,22.605122173629088,456.40078890770167,6.236945065911679,2.2179612388012644,1.0620663085323754,24.311068872784688
EXP1,R1-T2,279.0,57.31695361211871,19.969643707932374,459.0520487928322,5.9336011723071875,1.8821350677910265,0.7136503821710725,25.804661881521614
EXP1,R1-T2,219.0,57.79554811678009,19.752741290619607,456.1000786117093,5.94226394426144,1.76559852522162,0.7033049973353827,25.767531185775027
EXP1,R1-T2,244.0,57.09654646227731,19.856360889057573,451.502408725976,5.951681915252731,1.836671088962281,0.6962520691150569,26.040870257859446
EXP1,R1-T2,304.0,56.999948255011695,19.798458936547906,448.58964902662626,5.930974235820172,1.8370976759724063,0.7250124584822641,26.04405950402441
EXP1,R1-T2,236.0,56.56040794355573,19.595463742942158,462.544203706428,5.93084790152845,1.768768059757697,0.7499978673245138,25.972727209695602
EXP1,R1-T2,236.0,56.07957444630312,19.998024031018378,452.35543407135333,5.932522869551242,1.8785929526186793,0.730302588478799,25.473707939073126
EXP1,R1-T2,150.0,57.03610502102336,19.78136441146647,448.60668555598335,5.939694218207983,1.9118186788018066,0.7203094126125211,25.950574713719337
EXP1,R1-T2,192.0,57.407718299258626,19.74297523897309,456.50273510974404,5.911307326989861,1.789188413197045,0.7292918890014244,25.673749945755727
EXP1,R1-T2,230.0,57.247210622180305,19.704024201146034,453.81172016604336,5.968285888517997,1.7926187313791442,0.7517404974302663,26.082564059877235
EXP1,R1-T2,269.0,57.7106757257093,20.174555879374648,457.23135621518196,5.941244920045393,1.8550725489660944,0.7365617560296622,25.875787918321723
EXP1,R1-T2,281.0,58.09504319985084,19.749147246341767,460.5335518634886,5.935789496401875,1.9161261887406322,0.7148822440427031,25.98407688362337
EXP1,R1-T2,229.0,57.378233949787216,20.068297436215737,459.31529872203623,5.963232305263351,1.78511297008939,0.7212133135426908,25.812334147038694
EXP1,R2-T1,207.0,57.798751625112004,20.073952013908716,459.7689633107371,6.128635675537225,1.8019479413395934,0.7253525435685044,25.389483384018487
EXP1,R2-T1,264.0,57.66659718195116,19.856618372292463,451.10423540843806,6.171695102932282,1.8509792046824805,0.7250475206095327,25.166467377393175
EXP1,R2-T1,250.0,56.26814778533128,20.231225251484414,449.000448423633,6.187226587904408,1.810659194141895,0.6996969370276412,25.04396934310686
EXP1,R2-T1,275.0,57.980324854255784,20.411986311103274,462.6474230785694,6.145840097965122,1.816042310383236,0.7514908989448581,25.43273517347085
EXP1,R2-T1,220.0,58.40698238059563,19.715355366740877,453.7156920848699,6.158424765572445,1.7934883956901322,0.719039036531276,25.4553344760299
EXP1,R2-T1,250.0,57.390955749183306,20.134059100875433,461.6511737101417,6.146178164174316,1.6736038161573108,0.7099244902657528,25.205764245908497
EXP1,R2-T1,270.0,56.51705135897128,19.791521819527546,459.1543997197062,6.100479188716578,1.8007142089826695,0.6968821754266755,25.149846713573584
EXP1,R2-T1,244.0,56.587776060093496,20.117565251115085,456.3643238456218,6.137177687681256,1.8308055606525735,0.7121150906026052,25.00327732274036
EXP1,R2-T1,282.0,57.225136722822576,19.810394020766495,456.84350152109204,6.131205565757535,1.8153284110851102,0.7597909776090827,25.361092549210518
EXP1,R2-T1,202.0,56.73842845865954,19.98100034822706,466.10499588448266,6.138972880965656,1.787134922140579,0.7288469131486324,25.299995161635305
EXP1,R2-T1,200.0,57.62585729931698,19.893723949069855,461.75564841203465,6.147918420434947,1.8412212703499506,0.6999051691804574,25.13773122386446
EXP1,R2-T1,207.0,57.05864732629307,19.923416729623586,453.01341304514665,6.170952539457738,1.8513747219951606,0.7369755863470784,25.04948502251268
EXP1,R2-T2,270.0,57.997211404884865,20.187813116687526,453.62808569254594,6.286797347593884,1.7694822317792218,0.6979463401020264,25.646184439858988
EXP1,R2-T2,292.0,57.23128352529104,19.77406072520676,461.98372660331455,6.278360982122719,1.7748780536464916,0.6982800153860362,24.940743551811398
EXP1,R2-T2,193.0,56.72035319476954,19.739219630018532,461.37734053817496,6.290681119719835,1.7993839444313737,0.6819273749242627,25.475063768980462
EXP1,R2-T2,245.0,57.33575125137298,19.980791609842992,461.4313054453622,6.264990761425552,1.7000188563787026,0.6876521441487107,25.4765837479809
EXP1,R2-T2,287.0,57.948615126552774,19.816265298822817,446.889091775705,6.25583651282184,1.7554364025272386,0.736114170609195,25.683100488383634
EXP1,R2-T2,238.0,57.75263167697857,20.002897898044985,464.88796161437057,6.272284384525359,1.728322149307284,0.685057419025846,25.402120219824425
EXP1,R2-T2,258.0,56.7009994217501,20.226090274164008,451.1003659010458,6.300298893382616,1.7612915562031728,0.7074893060884268,25.947088541666737
EXP1,R2-T2,234.0,56.85155059159723,20.110463123419173,461.4032976032921,6.263623165247094,1.675511678451365,0.7050018189372511,25.956706825044822
EXP1,R2-T2,235.0,57.55325412999821,19.664001976705467,450.0171538237931,6.277934250165998,1.8241227325328486,0.720298344253194,25.354435830681332
EXP1,R2-T2,273.0,57.30459670957461,19.909122571688776,459.75047520079124,6.273396360320774,1.7958620045303655,0.7018588838147696,25.67789460095197
EXP1,R2-T2,254.0,58.25888568950414,19.82642019780722,459.2809550647544,6.299069530555879,1.7187610483189135,0.7025050426676933,25.498267690168746
EXP1,R2-T2,235.0,56.439391324721754,19.962107883109656,450.3522819387139,6.283618111742155,1.8183250409724592,0.7237286461350303,25.68915959459874
EXP2,R2-T1,333.0,57.84865679404943,22.488342622120374,445.88759079678925,6.215664821696816,1.7770630510855827,0.8982776573127044,24.32894110138502
EXP2,R2-T1,342.0,57.20947771124888,22.578153861122765,460.3630298382164,6.206673849399175,1.7242444277763433,0.9265608041766696,24.32517374673328
EXP2,R2-T1,327.0,58.23678165813612,22.16329280069823,454.2962045503481,6.2499915774341055,1.7961053668055997,0.9011237627418406,23.9255436140465
EXP2,R2-T1,324.0,58.00565255489452,22.476734341800956,452.441333690303,6.205066277885896,1.8993520746664607,0.8572262746974624,24.2564314662621
EXP2,R2-T1,280.0,58.58540438170305,22.36811306893971,448.4375058221553,6.218886151828685,1.860079412461504,0.8648330376217093,24.00775680127959
EXP2,R2-T1,368.0,58.03132460072415,22.30893516417164,454.1752904818006,6.2320311390174,1.7395335047064868,0.9043076854630246,24.487076322044675
EXP2,R2-T1,335.0,57.92121861945745,22.407884488942326,456.5545935247152,6.239056572574167,1.7745779270726838,0.9123316087901439,24.374135157321636
EXP2,R2-T1,290.0,58.712302434449896,22.276061449519585,444.26586088225434,6.236717307898486,1.7599632780955936,0.9004742060319739,24.29946700593373
EXP2,R2-T1,325.0,58.613785731013714,22.212891808308342,450.6084274676601,6.225826726650282,1.7971229010252316,0.9045338826684853,24.082912041072937
EXP2,R2-T1,347.0,57.91659910540219,22.532046651753124,453.1367053353843,6.245142486843924,1.816145308974872,0.8379115527811882,24.37029743842099
EXP2,R2-T1,330.0,58.47973106253921,22.56691886782582,451.30168577987183,6.231066645000084,1.6767789990604254,0.8811743122887039,24.29894558016193
EXP2,R2-T1,335.0,58.67175453570602,22.58604206381829,453.13841017940007,6.2582935023829815,1.7900722922416406,0.8857515343544436,24.345247894766064
EXP2,R2-T1,328.0,56.737608748724284,22.071893904316287,455.1433663399632,6.219379973906042,1.8170719720067845,0.930196640145589,24.19093755213238
EXP2,R3-T1,249.0,58.77219899199972,22.682307416032092,447.9975757725421,6.236630745094175,1.8805740298462699,0.9522480932146261,23.923580544102045
EXP2,R3-T1,309.0,57.217159475377144,22.37469194380029,455.643112594077,6.243909993481986,1.8990372217467595,0.9436029416884811,23.706757487906064
EXP2,R3-T1,282.0,58.36787195642432,22.142688131114646,449.72367016537476,6.258411736811652,2.0024367693444063,0.9701609535654528,23.850722391822885
EXP2,R3-T1,320.0,57.76925171350868,22.527607850712418,452.13665589790617,6.243544285409316,1.902637171065048,0.9818246127777395,23.95340291183466
EXP2,R3-T1,325.0,58.06788230289312,22.594235753406235,449.82499142812304,6.2870133515300415,1.9211352434745599,0.9692097699215794,23.816880255734354
EXP2,R3-T1,311.0,58.167148075128466,22.299434392279608,449.0577866738305,6.248944733129847,1.9008713165069682,0.9281355803866733,23.996625757228347
EXP2,R3-T1,261.0,57.277286619256905,22.185088401329065,446.0296015861078,6.255146232971485,1.864420252413497,0.9486043470555753,23.774288599506445
EXP2,R3-T1,249.0,57.85551484314177,22.557706707073685,458.42493220774713,6.226951390815921,1.9982832408590685,0.9451222995396703,23.961503021765324
EXP2,R3-T1,314.0,57.98842213787356,22.40230654158123,464.55119203985345,6.237971287669941,1.9299565885686072,0.9677533436141014,24.06259369405644
EXP2,R3-T1,227.0,57.70405554895721,22.00392578422443,449.53971585734377,6.26367038953428,1.8758370178717918,0.9909422678816114,23.96379018785731
EXP2,R3-T1,370.0,58.5066998588306,22.727921181799886,461.8115722291427,6.24443555387385,1.8668223896019478,0.9558931426476623,23.79107110888918
EXP2,R3-T1,287.0,58.04777844126133,22.42804609532107,449.3623994400711,6.28718207345735,1.9289453848941012,0.9605515016799061,23.797602664831686
EXP2,R3-T1,292.0,58.52674079446785,22.293432528444235,456.5526119973028,6.265203798837429,1.8658198820180676,0.9391538913893105,23.5587204749725
EXP2,R1-T2,372.0,57.13144068076075,22.42071130629399,446.0344457722073,6.206282792421307,3.2146534918006733,1.5817752850448887,24.026409245220034
EXP2,R1-T2,307.0,57.70713058772941,22.7508881022167,457.44058577614805,6.229956550278349,3.151194956487234,1.6084216339620498,23.662697060015635
EXP2,R1-T2,292.0,57.94877856249806,22.26044190559205,452.70744498170114,6.222535334337273,3.2177979556594956,1.6105779104031976,24.01142720887699
EXP2,R1-T2,366.0,57.80270213005692,22.70316610980815,453.44476239106024,6.251343035593118,3.2120323824348667,1.600511822519555,23.561851864328137
EXP2,R1-T2,348.0,57.93667149400259,22.286161790624455,457.2010721357879,6.184596419204811,3.244727623473549,1.6206606291103054,23.6038471384651
EXP2,R1-T2,384.0,57.62171104752135,22.33039734994181,454.85988475963416,6.201889509864605,3.1793913804885885,1.5983502174258628,23.539924458606908
EXP2,R1-T2,361.0,58.033007952805924,22.568633533828613,452.8092016509786,6.214110958514525,3.2291842735688716,1.6064880255225047,23.819701575245478
EXP2,R1-T2,367.0,57.803737809839966,22.440385058656144,457.417969458434,6.234922816887088,3.2026060737193824,1.6260524828941452,23.764098382096908
EXP2,R1-T2,305.0,57.832252991732055,22.922167347679864,455.54476575116036,6.169917746635029,3.221310939800511,1.6156396447439967,23.942692867170038
EXP2,R1-T2,352.0,57.722784444696934,22.575006432609396,454.05892769989157,6.196674664851869,3.209277381944188,1.6184039236281829,23.839095951759827
EXP2,R1-T2,300.0,57.9669736428503,22.530468611697245,451.13239215229885,6.215252157127266,3.1995201678083016,1.6119942042489255,23.917588504554697
EXP2,R1-T2,312.0,57.88682161280065,22.613826866646004,454.2610273128465,6.17261704070551,3.2382756998609317,1.6212874784971327,23.675744355355473
EXP2,R1-T2,338.8333333333333,57.56789693319881,22.87591100258774,457.82252281036256,6.217394756833823,3.282948770658347,1.6273565003845012,23.957710920311904
EXP2,R2-T2,292.0,57.74715798030905,22.302178148816008,459.8569377589705,6.168259389724678,2.401414166981326,1.1753812611410395,23.98812163697529
EXP2,R2-T2,311.0,58.11149389536493,22.327541128554266,453.1186178700946,6.2102735591652545,2.3860687834143444,1.1694780437776422,24.257770878419976
EXP2,R2-T2,363.0,58.23544019444688,22.474555862909092,451.6869253269367,6.209289488083686,2.3520846614061734,1.1644315608608624,23.96550503059315
EXP2,R2-T2,394.0,58.42425327088837,22.734495075535623,448.92254182613914,6.206956163782337,2.2396104118523805,1.16867678335082,23.8946372844532
EXP2,R2-T2,408.0,57.609265674594866,22.1349341335018,451.92049201421224,6.204546540676405,2.4259914046273066,1.1568248048630785,23.873704385756767
EXP2,R2-T2,346.0,58.0731737950508,22.49957087676086,454.3432907475659,6.191728247533639,2.274797840110912,1.139910755560898,24.035611610993712
EXP2,R2-T2,400.0,57.94600730774881,22.616237274748677,450.4030395111626,6.201741486959352,2.29749590498336,1.1492232868359542,23.676038617639865
EXP2,R2-T2,375.0,56.75289045490108,22.436639614530456,453.6445221331175,6.254490260906618,2.3443929274942312,1.1450367787781677,23.834588312915987
EXP2,R2-T2,412.0,58.2091852379311,22.770634877761776,452.40544250060304,6.165484053417156,2.412024480794028,1.1587769292014078,23.78595645262569
EXP2,R2-T2,345.0,58.235533951659185,22.555837741093374,464.152816270724,6.220091217092179,2.3275380659276554,1.1658345223961455,24.171622527181498
EXP2,R2-T2,376.0,58.22554209270644,22.380484372554953,452.83966218094724,6.202762742100637,2.2886807194921692,1.1691254352249227,24.131181907137293
EXP2,R2-T2,374.0,58.11149776095457,22.36481898601474,463.4756010403843,6.233842208738489,2.340018424410772,1.1616059426282912,23.74776765932387
EXP2,R2-T2,366.3333333333333,58.67557987726031,22.26515332082417,448.637434048511,6.2019519251572275,2.3246400121722495,1.1741508154534388,24.05306024604924
EXP2,R3-T2,377.0,58.04977611385479,22.630491676989543,455.8670450474693,6.270036353433896,2.172386509535507,1.0833491126647852,24.554533443087713
EXP2,R3-T2,391.0,57.9038893000576,22.550838382684233,456.8496374562335,6.260822118334558,2.26028154030336,1.0940054358707083,24.91681476457304
EXP2,R3-T2,368.0,57.909542295635205,22.63426138135142,457.5046599723144,6.204187007996967,2.0981975640169357,1.0739276702284226,24.947305282413797
EXP2,R3-T2,308.0,58.66724266435516,22.357069226543302,455.7302814766814,6.222532251429312,2.2374729851645516,1.1008134868065504,24.159876945534926
EXP2,R3-T2,294.0,57.70019279279784,22.35461186363175,448.63953094700383,6.229809483408028,2.1158239119365767,1.07157519552384,24.760115614164977
EXP2,R3-T2,334.0,58.2219095926497,22.682994536797928,451.72486351453097,6.212652275623108,2.1710082147726526,1.0556802490532415,24.22560399886244
EXP2,R3-T2,353.0,58.15584260186394,22.43557102363431,455.95285826546075,6.229804372865306,2.123875176552989,1.0806499322167544,24.345235375318595
EXP2,R3-T2,368.0,58.34827233088728,22.554890322748026,449.4821304052785,6.216456621481074,2.2053998811440065,1.0920779154692726,24.811896747140164
EXP2,R3-T2,313.0,58.28363078064635,22.387150476414526,459.9012835549251,6.258512032938472,2.1804381476549692,1.0364599106059547,24.18567384397555
EXP2,R3-T2,348.0,58.135647127286575,22.58881247931705,457.64497544963666,6.225974140724911,2.090665088659154,1.074568814385956,24.42850332073758
EXP2,R3-T2,321.0,58.1767364296691,22.59764382808936,447.1939737966273,6.186999820350203,2.0710710479979912,1.0729611090858482,24.802221019549272
EXP2,R3-T2,300.0,58.44223913735033,22.62478081067773,445.87381614109273,6.224982661267574,2.171024989366499,1.0826470570795885,24.64298840011638
EXP2,R3-T2,339.5833333333333,57.985359501255026,22.683535183405642,463.07667603582047,6.219208257491742,2.0841016011930353,1.0347323815464735,24.754856381079044
